filename,speaker_id
00630a68-b022-4fe7-8aad-644e1291d481.wav,23
00b2fbac-7b65-48b5-8818-98ce5ee97ec5.wav,1
00bc4af8-d5ca-44aa-b8b2-40e47ef928d7.wav,35
00bee4eb-13b3-44cf-95e2-d88544c96ac8.wav,42
00d86b61-7ab7-4a03-8ca5-1c3df082a9f0.wav,20
00e76c70-3cfc-4996-add4-f2a1d4fd9b59.wav,34
00e8d7a4-c04a-409f-acf3-82dcc587db62.wav,6
010f2f29-2c47-418a-a2e8-1dfd48785313.wav,33
0115d5ae-cfcf-4cd8-8d4c-e1a6eee4c925.wav,2
01176bd1-2192-4c1a-a6dd-51c4d6d1b183.wav,2
01241ba0-c849-40fd-9a0a-855dfe8f1cf9.wav,28
0140deea-8c0b-4f5e-8c55-d28bc88c8b76.wav,30
01cc4432-d954-4f22-a84c-efc0b722cf70.wav,24
01e673cc-7ca5-4728-9b7d-d0b94e9e14f3.wav,43
01f859fe-fa04-406c-9986-b60cb6fb91f9.wav,34
024ba01e-f684-494f-b65b-0240bc3ee267.wav,31
02507bff-0d6d-444b-a6e2-5e3e941cfab1.wav,35
02b3202d-f9a9-4cbc-9d08-f426156d8cf8.wav,18
02d6f17e-f146-43f1-b277-c9c7218ccd6d.wav,2
03042024-cb04-4867-b7dc-ce9688a7a440.wav,35
031bac36-698b-459c-9063-9534c7e7b27c.wav,39
03285930-9871-469f-bb7a-7d96f80b7390.wav,46
0338024c-fe73-44c0-bcec-72776d0eef43.wav,12
0343b325-9826-4672-906f-a9f13edec990.wav,21
03750fed-26f5-4da8-9429-ac89b169aa4c.wav,8
038961ee-ff70-4d33-9895-a18c3209639e.wav,40
0396ce24-3f8a-42a8-b0b8-503b2e58864c.wav,7
03c9f2c5-de0c-402f-be48-f953b5fa1505.wav,18
03d2b273-8c07-418a-8a6f-084a5c588a8f.wav,21
04239ac0-20f5-499f-aeae-5734855f644c.wav,39
04343691-3791-4091-b809-5aeada1d43b9.wav,26
043de944-a338-4ed6-ad83-015dc390e333.wav,31
04535b8c-69a1-4504-a107-696263c96aeb.wav,38
0497ac2f-fe24-4eaf-b353-dc82f742b61f.wav,9
0498f012-9a7c-4a84-aedf-3d97e3b827f6.wav,17
04b0d0c2-1e9c-418b-ba10-ac1abb4a982a.wav,27
04e47e4b-69b6-4d98-8043-6526fae6330c.wav,39
05c4cb4f-c3aa-4815-acb3-d1ac00e262c1.wav,19
05df6eff-e68a-4952-9126-f7b58c9a3013.wav,17
05ec40a4-a05d-46cf-81b1-68f56dbbe7de.wav,20
0633c463-ba33-4119-bc5a-4a88755d73a6.wav,43
06468176-cd67-40b7-889e-113435ebf39d.wav,35
0666e2cd-1c5b-4138-8751-ec9049e40fe1.wav,23
068be924-0fd5-4c77-8100-109168ee95d4.wav,1
06c26bd9-4e35-4286-8f93-41b130258dee.wav,27
07151578-d8b3-4b34-88ce-67cfca16554d.wav,4
07afa6b4-47e6-456f-95ea-5718831546b7.wav,41
07b6bfef-c688-4d3a-b262-8add3b98523e.wav,18
08294845-4c25-4c3e-80d0-7181ded93b5d.wav,46
0838e95b-96ff-48e5-a0dc-2460a146763a.wav,23
083ddca9-f0a0-424d-899f-e49628b3e482.wav,27
08545925-0989-4f5f-87de-07a89e111c18.wav,26
085af8ba-1ef1-4359-a8a0-edb3caadd893.wav,46
08b27118-4269-40b4-adff-a39f19bc016b.wav,3
092315f0-9ece-4413-ba11-fdac69633d05.wav,0
094b0a55-b42b-4bd5-a607-6e3c3acf1451.wav,9
09b7e427-3ef5-45f9-961a-71ef88b6418f.wav,9
09f09801-a08a-4be4-9635-0c3f25a30802.wav,17
09f15475-51b2-4b18-9aea-db09e664f4fb.wav,18
09ff60cd-58f9-4332-9de5-99f6d05e9102.wav,34
0a0fbed6-ad66-4be4-a39b-991ee87d2a30.wav,49
0a105e82-ed1c-4392-844b-05ef70ff7582.wav,43
0a4641a3-1819-41b3-8b60-4ef5563486fd.wav,28
0af5b37f-ccd1-4d04-bccb-709312ae36b6.wav,28
0b134057-1c6e-4731-8ad3-838e79c4594f.wav,5
0b791937-2aeb-40b9-951a-0bf770da555d.wav,2
0bc34c38-5311-4988-a04a-0c2c9fff56cb.wav,14
0c374903-3d82-48be-8935-20645f1241cb.wav,49
0cb609bc-9bcc-4a5a-bd82-a80b9570594f.wav,36
0d4b69ca-1f27-41a7-a996-cacac947eb47.wav,39
0d7978b3-fa05-4eaf-9f84-50e956388066.wav,32
0de293f9-efab-406c-9196-ba15285a9089.wav,4
0de2c203-9b4a-4167-bd3e-109389f068fe.wav,14
0de48329-dc79-4861-958f-c669118ab029.wav,14
0e1a71eb-560c-46da-ad07-35a42e984b60.wav,42
0e213dd5-01c1-4fec-86c4-73f4709d9489.wav,0
0e3b8776-f26c-4565-8664-5a72da9f4853.wav,31
0e4708d3-f319-4959-8a30-876ad4acf315.wav,28
0e5adbd8-e3b8-4641-bda7-7648e36a82e1.wav,12
0e62cbd2-b79f-40c1-8e41-ece77432f421.wav,1
0e959b54-4a00-48f2-b9e3-a6b70f775d10.wav,3
0ea15b93-34b0-4a10-9a23-3cdf185b0381.wav,47
0eacf094-170c-48ec-b3cf-4635f22e48a3.wav,23
0ed9d43f-7537-413e-9144-aa89b387a66d.wav,0
0f45cd4f-ab60-440c-a817-4cbaccd0b34e.wav,48
0f71458a-aec5-4912-9031-edc20c2be401.wav,22
0fc9da34-9b73-4b04-a6f5-ef7353d45b58.wav,3
0fdf2480-3776-49fa-aad5-c82c20a7ebb2.wav,32
0fe41579-cf07-43f3-8096-7f048378c605.wav,14
10030ab2-1dc0-4864-bc88-799c79235e2f.wav,1
10e8b9a5-3943-41b1-8155-7fa3c082d665.wav,34
1195d54e-f87e-445f-9fdd-868f812a681f.wav,16
11a1984c-11b9-46bc-afd1-04ff5c79a9cc.wav,13
11f9edc8-61d2-4dfe-9f70-1a5c86213ed5.wav,44
120d0f6e-2c5c-41a5-80aa-00c1509d7a9a.wav,12
120ff1b8-f300-4661-acd8-2fb0cdd1bc8c.wav,23
1213b766-5e0c-4269-8d78-d7f1f3ceab40.wav,26
1269fa11-a35e-4e4c-971d-c5d825029c19.wav,39
127ddaa8-43bf-43da-9c13-7dcabdce3606.wav,9
13709eb1-786a-4dc0-892e-0216e541dd7e.wav,21
13819adb-f3ad-4d23-a8cf-1f01d28cf720.wav,29
13bd1216-52e9-4210-afeb-e19d4380f866.wav,14
141442bb-4f10-4d6a-b50d-7996375dec39.wav,35
1457e292-98ee-4ce7-b8eb-1e49fc54c011.wav,46
1494a777-9ff3-40a8-9abd-deb84b65e99b.wav,28
149e1180-9e45-491c-a36f-fabcb0740b82.wav,44
14e9b3bf-5ea1-4561-8885-b9a7ceb90075.wav,27
14f2baf2-4fc2-4aba-8f7a-6ca55a0bf8c9.wav,43
14fc1d65-eb4a-47f3-a687-1a18f8ff6b7b.wav,40
1509859b-9462-4f36-815f-a11b46a21f5b.wav,34
152fe1f3-1034-4412-b4ab-0b24d0933664.wav,41
15408726-a8d1-49c7-ad00-a6bd1db1fd40.wav,1
15455519-de0a-47a9-ac79-f1995eb22b83.wav,7
156a0c45-4901-4093-9ab9-b61059c9b556.wav,39
15783cd7-eafd-4d19-b69e-249072ed9a6e.wav,49
157d2e4e-7676-4beb-856c-36d7eed56056.wav,4
162135ac-d441-462e-845e-4a1acfcf3cd7.wav,1
163ee5d6-a78c-43d1-9c00-8bda452ba3a0.wav,20
16580994-a4e1-4047-8b9a-24a6370c0907.wav,1
165b589b-0dc3-4548-a8ef-a9736c368083.wav,0
1691b238-cd54-4bf0-947a-626142cfb70d.wav,9
1708f19b-4b6d-4f57-9ac6-dd5a951a7662.wav,16
174ca63c-b2ce-4c47-b7d2-5457e8dc1773.wav,37
174d8242-aa9f-4dba-bcc5-d66b0dcb13dc.wav,4
183be452-c466-435c-822f-6829e2c09818.wav,7
18447db0-aaf7-4b9f-adb4-08fcf182d610.wav,46
18537845-2e0b-4f05-b177-4e465576805e.wav,8
18544aed-27f8-449d-854a-2ccfa23fe60f.wav,37
187bc10a-e7db-4492-a8e0-70aa4da81a18.wav,47
189f1795-02ca-4fb9-bf8c-8c7129c68f24.wav,7
18bceff5-27f3-418e-becc-cadeca718577.wav,49
18d24f0a-34de-484a-9a15-3994d8647959.wav,0
18dfa317-f4c8-4a8a-8c2a-68dfc36fa81b.wav,47
18f28f7d-5212-4258-b7d8-cad192b1470b.wav,46
19004691-dd65-4bd3-ab36-6b633a80e768.wav,6
194a7a68-3ed4-486c-aef1-d4698e8c6d69.wav,35
1962a8b7-e2a4-405b-8635-733714e4d64b.wav,15
197437ae-d45b-4ac0-9eb6-ef5dd3ced0fc.wav,17
19e91fc9-11c6-4d82-af5a-11d387c11fb1.wav,0
19eced39-b32b-45ad-b9d7-b4ddd487982b.wav,29
19fa386f-e9c5-49aa-86a4-98f22ca0e701.wav,23
1a2de884-8425-4b65-94d2-a8938e5d54fe.wav,1
1a396555-68ed-4945-b933-e3acbe43f67b.wav,0
1a453d92-a529-44af-bd65-5baf7ac17be9.wav,13
1a4f1070-cb54-4e46-9bec-cc8bc4b89a0c.wav,30
1a84b456-f00e-4155-8794-45dda86ada95.wav,22
1ab712bd-d801-413d-b50f-514f85df38c9.wav,13
1ab84ca4-47d4-4e52-8e6f-846fc3165be0.wav,0
1ad9fe9d-f42c-4e3f-927f-9fb219407c22.wav,14
1afbd410-b1e5-48cf-b9b5-e22e97d85e59.wav,49
1b296e34-3963-45a8-b0bd-444f381a9501.wav,22
1b440a3b-1b12-45b0-ad70-af18d3b156c3.wav,48
1b683573-4272-4611-a8f7-844db0b46334.wav,12
1b7c228e-a3e2-4c45-aa45-73196dd5a084.wav,13
1bcba6ab-43a9-4132-874c-454bec80006e.wav,26
1c0fb2cc-49ce-4e0a-8b4c-d1cc3370ab6e.wav,44
1c10b01a-f4c6-4d45-871f-b4f0a9ed1287.wav,35
1c21e119-c763-4b75-9813-cd24b7aa3adb.wav,1
1c53b296-0042-4296-9a56-0367a666d050.wav,13
1cf04be5-f189-4454-b76d-9310aa503d17.wav,2
1d41fd1e-3a99-45c7-9f7e-c1c93e9e129e.wav,27
1d8b6656-892b-43ac-b024-8e410e1c7707.wav,38
1dcb41cc-7324-4d86-b481-40843be3fdc2.wav,45
1df0130e-d8dc-4953-830c-9ac572bf9958.wav,45
1e488a79-c4a1-4a7d-9793-ebc6dd7672c3.wav,12
1e5cf901-8f86-4e7b-ac4f-fb4ace08a3b4.wav,41
1e77c95c-1f22-4496-b050-2b6d8c877873.wav,1
1ebbcb12-6bf0-4b5c-b8f8-35ce0ec0d818.wav,42
1ed135f9-5599-46b4-a32c-241cc9ea71c7.wav,12
1ee322ef-5a06-48ed-a144-b2b701b9a7ac.wav,4
1efa6685-e758-4480-99c7-96b3b85c2607.wav,14
1f01494f-b841-4bad-b7fe-ab0d5ecd036f.wav,45
1f7f93dd-fb7e-46d0-a825-40dc6b2d00f2.wav,33
1f908a91-86fa-4dca-9f4f-c30cfe57fcb1.wav,49
1f90b2a3-77cb-4efd-8092-ac53b8616aeb.wav,37
1faf4934-3908-4d85-8d58-82bd46cba6e3.wav,24
1fbdcbae-db5a-4d74-bfb6-65c88a3a47c0.wav,40
1ff2a363-0e45-459e-b5a0-f886b6f4da96.wav,0
1ff9905b-0328-42b4-8171-dfc3787724d2.wav,4
20392e6c-7fed-42fe-b468-19d2a381b5c5.wav,22
203e3b1e-5936-47b1-a8e0-6dc5a28d2165.wav,32
204733a9-c06f-4f0e-922e-c1ec0b1649bf.wav,17
20613197-8414-4e4d-8501-4335ab2abcca.wav,9
206a02da-1c39-4cff-86cb-32e1042249c3.wav,39
2123ee7e-125d-4f85-906e-cca063407c84.wav,13
2130706a-6468-444e-86bb-0e5b2e3d389c.wav,17
2140517b-9b26-4714-8a29-34c038e8dae5.wav,39
218dae34-518f-4b57-97d0-ce9213e498b7.wav,7
21a75989-403e-4ffa-a18d-021e8aeb6a75.wav,0
225d2eaf-a876-43a5-b42c-7d4af8eba0cb.wav,9
22619da7-b1ee-49db-9524-2babd4c722ba.wav,12
229214f9-f178-4574-8c89-ff1f41ef51e6.wav,31
2298389b-1f59-4bea-9169-8eaedf0bf3c4.wav,0
2299ef14-ec39-4a62-b347-b9925b163c40.wav,3
22fdefaa-a1c7-454a-9c67-737317341393.wav,26
230b0d12-ac9e-4f70-bb2f-b8da03ce5bb4.wav,37
2332e451-4142-44b1-823e-cbcdcb6ef9c7.wav,16
23402bbb-3df4-47a8-9687-e8989cdbfdd5.wav,24
234d545b-78ad-4f4d-b6f9-598f18146788.wav,39
23aca370-6eb6-400a-8341-7bf28042c85c.wav,41
23b15382-4bc1-45ca-88f8-4a4f2f5ed95f.wav,19
23ba2ea6-71d0-4dc0-9d23-03c8340b6740.wav,19
23f0f9c0-d7cc-4779-b6db-8f365acaea86.wav,39
240d5887-7663-4b30-8094-6f905a6b0eb4.wav,46
2429b2ce-8cb6-432d-ad3e-c67a88d34f67.wav,18
24303549-ed07-42ae-a41e-499ede69ac40.wav,38
244a567d-a5bb-44fe-95fc-b9f9973c8f4c.wav,29
246a01fd-dad4-4be3-9139-e175bc1bd034.wav,37
2478c430-c39a-4791-84de-cda6ade42538.wav,45
2491e986-140a-4010-ba84-f70c99a546ad.wav,0
24b1bda5-4573-4cbf-9a1b-3f83d56d2faf.wav,27
24bd0869-3e21-4ed6-bd65-1b742f12cabf.wav,41
251062b8-6443-4f27-b3a1-cd9fe0bd5923.wav,26
254e94db-8bca-40aa-ae1d-391e439e13e0.wav,35
2581eb1a-1253-4102-b693-cf0fe4d85898.wav,10
25a5db78-4cb4-4d83-9f32-ee2eea9b96e9.wav,17
25e84899-8466-4222-b0c8-f12f45d5e1dc.wav,34
2600f3e0-a23a-49a9-86b8-4ede0ff6904f.wav,47
261a1f86-74b3-43ce-96cc-2a143c922225.wav,17
2633ac9f-69b8-44b4-90ad-6862cb6ea83d.wav,8
267d5c5e-c0d0-4389-aa85-b8447d51904a.wav,5
269b733f-8fdc-4a8e-9eda-d9fcc7056080.wav,20
26f9aed4-1ca7-4012-a61e-1d07dc25a251.wav,34
2709450b-067f-4af8-8ceb-bdc986e60fec.wav,45
276c3c16-4f39-42b9-a63a-c2f813f15d23.wav,47
2780f463-b011-4e4c-b568-55e4a51d5948.wav,19
27b88f29-4717-4816-89d5-3431e7410865.wav,18
27ba73a0-4528-4a33-af96-0cda303b7208.wav,20
28047896-a38c-44ca-ab6a-6566dfcdd05d.wav,24
2833cb4a-1cbe-42e4-9767-5a37117b12a0.wav,23
28715424-a486-4ce3-961d-9c76790203fa.wav,32
28e157cf-2e8a-4f1b-830e-4928cda9e5c9.wav,14
28e211fe-ffe9-46b0-8ffb-12b68aedb1e3.wav,23
28e74489-57d3-4351-886b-3d2a26b8afd9.wav,47
292f3bac-c9b2-448c-911d-4e96fc5d6c2b.wav,37
295a9279-e5d7-4dbc-9c80-d96639aa9bc3.wav,18
299bc24b-88ce-4af6-8e82-242dc64e3156.wav,45
29f4a208-723a-437c-888c-8a8d36a64d78.wav,18
29f9266b-a737-475c-b1d2-740fd4dce37d.wav,15
2a2f1071-7070-4f52-8acc-6f6842f1c6d6.wav,39
2a546c53-af88-4288-a3da-570a755cd920.wav,33
2b1a6037-10b0-4405-8874-db49962eb56d.wav,16
2b1fc148-6735-4db8-9c8b-1705c6bb9776.wav,45
2b445557-7cc0-4b09-bd96-67237b637986.wav,21
2b472361-7cbd-4b46-9283-5cd39598c5cb.wav,35
2b519739-e397-4967-83a7-35c85088f187.wav,45
2b63f6e5-f92e-4b20-9653-375fe5d82f21.wav,15
2b854f7f-74b9-4e99-8644-33358909b6b5.wav,3
2b8a0df7-0b29-4d7b-b3d1-18344fc5b9d5.wav,29
2bd16442-af1d-4e75-84c8-a95705beae87.wav,29
2bef5f24-5562-4ca2-a50c-6b56172b0f73.wav,17
2c3da4d8-493c-4206-abd9-8584ddaf5d26.wav,36
2c48a08f-8934-4fb0-af74-60a093fa3c31.wav,3
2c864662-e66c-4202-acb7-1c684aae6653.wav,19
2cc420d6-87d7-41d0-98de-857db6cd2cd3.wav,24
2d037bf3-664b-42d5-a752-3f7200ccd408.wav,1
2d1da40a-b3fd-4c2e-a0ad-bc4670d5beb9.wav,46
2d6ba7d6-b901-45b5-b6e9-2172c24b38c5.wav,47
2d81396a-4aa3-4414-bf54-e56f783b7504.wav,26
2d92e834-1626-491f-9f15-07527cff21dc.wav,13
2dd095fd-2282-411b-8727-048785711acf.wav,12
2de03311-8278-4f7c-94c6-68c351735b99.wav,40
2e3b376c-4194-4220-b130-5880b72b92dc.wav,0
2e4fbbd1-caef-4809-aa98-c8ae3869a67c.wav,8
2e70614e-1924-4202-99eb-55022c7321b0.wav,13
2f069063-70d6-4ab4-ba3a-ff23a95fd4f3.wav,3
2f478a15-18db-42cb-bfa7-4bd020326d74.wav,18
2f667539-de9e-4257-a9f2-3fed0a8a1363.wav,39
2f740dda-4c38-4538-acb9-4f94fa7e8191.wav,0
2f9d22bb-32f6-4bfc-b378-f6ddbaf00312.wav,0
2fd172d6-7601-43df-8e2d-d63dc3732737.wav,9
2ff0bb25-051b-4879-90ae-06a5201911f9.wav,38
3081f504-fb71-4a27-921f-027e0338c343.wav,36
3099bdeb-bdb5-46c1-8499-f0b77ed4b3c7.wav,7
30aa9f47-de70-49ef-80ca-15b49107e20a.wav,37
30b4c1e8-b9e7-4046-bcf2-ce5f17a14f2b.wav,1
30e3d387-6223-43f5-a832-d73c1a59c4ca.wav,3
312b7a08-ccaa-436e-bbb7-b27647ff4b87.wav,48
316153dc-14f4-48c2-b375-84a29fc22897.wav,20
317117a5-4e5c-47e7-b606-08247253d8d1.wav,46
31836654-96f1-438d-81de-3e176ab4f31f.wav,41
31c673ef-b9a8-4914-b796-9846535dbd1e.wav,20
31faf376-f054-45f9-bcc9-b3661c89337b.wav,3
3213fbc0-482d-4cc2-a792-79ba967cf879.wav,7
322712a1-6ec4-4802-ab32-830ef5930e12.wav,32
326277a6-4b36-4761-a17a-bfe3a3542f59.wav,24
32b12f89-bba5-4584-a9b1-d7ae6f6fd113.wav,4
32b94a84-b391-41f7-98b4-dcffebb42279.wav,24
32bf91c5-b1cc-4c58-b912-16be10c912e8.wav,42
32e69d8f-6963-4e1c-8025-3e70e71254dd.wav,17
32f8e04b-6f8a-485a-b580-9ab17d2f47c8.wav,22
3340e040-0f17-4beb-a418-53ea88099f37.wav,29
3386aa3e-ddb7-4b38-a341-f6aa1ce07a26.wav,40
33aabe85-f989-4d80-892d-9cade372a411.wav,4
34687277-3599-43df-8fa9-0bb33a18ed85.wav,10
347cd4c6-40d4-4f6b-82a3-4bed6967d939.wav,40
3482e68b-8026-46ac-9673-687f045654a7.wav,38
34e9af1a-7b8f-487d-8ec2-ae75cd703212.wav,18
3510ee6e-ad47-4f44-9b53-0edfabb65161.wav,28
353215cc-60d2-46ea-a3d8-ce73428d3002.wav,46
356ba6a4-bbbf-4bde-bab1-c7ae8129c544.wav,32
3581a392-cb15-44a8-b3c2-f07de5890dcf.wav,46
3593fa4a-71a9-44c0-a52f-c987130fa684.wav,2
35cac3d0-e37d-4885-8433-87cbd8c84d85.wav,12
35e9195d-0c2f-4a98-9e03-4f69e616288b.wav,13
3602893a-4461-4dfb-8fd1-511d57ce6fff.wav,40
363e98ed-44f5-406c-b0ba-2c6a3349cf63.wav,21
364ea825-a3a7-4444-b74f-431702a60bd8.wav,44
36737b2b-2f5c-4f5c-a9c7-2d961030667e.wav,1
368ee8c7-9d2c-4688-9ddd-c96659f19e15.wav,49
36936e0a-445f-4387-9d97-c67fd3aac091.wav,24
36aec6eb-b66b-4a9b-918d-e96eb5521e1c.wav,44
36edd8b8-d257-44de-beaa-e0cc08dd8d03.wav,8
37110a32-9cf5-462a-a57a-f87d4bba1740.wav,8
372cc057-2ae9-4a45-8199-4e97453fddb6.wav,20
37355b26-b500-4766-a07e-6d9c14b489da.wav,49
380dd374-6958-46f8-8a30-255b014db522.wav,3
384c99f6-4e7d-486b-ba7a-f646c755db29.wav,37
38573acd-e975-418e-89ab-31ce4e9cc712.wav,0
38e7b5d8-8b4c-4b18-af0c-5703334ceb4c.wav,12
3921619c-f029-41c5-bfc0-26fe7f993c30.wav,31
398733f5-ed42-456a-b09e-47e8b267c80f.wav,18
39bf164e-78fb-4d9e-b37a-d5b69795e208.wav,6
39dfb917-e93b-4a1c-903c-9853a7d25df0.wav,38
3a53245c-f601-4f2c-9615-6d8912fb52c3.wav,44
3a78a506-d52e-4cee-8a83-fcf4a7d9b9d1.wav,15
3a839294-d011-4057-b142-403df3724d44.wav,45
3a85fb16-4f7f-497e-b55b-94462c76bb6e.wav,3
3aea672c-3930-4567-b7c1-558c47235c54.wav,7
3afd52f0-cce8-4245-a1c2-6ed08b295fc9.wav,10
3b19da86-3d2f-4639-8a90-ae6a84176ec1.wav,3
3b390a21-5302-452b-a00c-4f9f75e47847.wav,42
3b94864c-862e-475c-957b-265a5ad86673.wav,45
3c122b20-7253-4d47-a27e-283620288e63.wav,25
3ca001c4-4145-4d7c-bed9-1821a2b704ac.wav,23
3ca3c6ae-99c6-4830-bddb-ebac7a93f714.wav,0
3ca8119e-93e7-4548-a6ee-1dade3f084ba.wav,35
3cad6e82-9069-47de-a02d-03fea14924d6.wav,17
3cb41c45-0a7c-4717-b09d-ec200e8e621d.wav,28
3cc64df6-7fee-4937-992e-245ff0725394.wav,37
3cd0dfa1-1454-49fc-b4ec-ac5518e997a6.wav,2
3d4fe1b1-0119-48d4-b104-d3961db9ddcf.wav,49
3d579484-f59c-4628-9618-24c935f35afe.wav,37
3d6a5b9b-9d15-4276-af7b-9a11f23dd9a9.wav,20
3d7cad90-83cb-444a-9dfd-8d74457efc45.wav,1
3dcec4f5-8685-4085-891d-092d53cec17d.wav,27
3e6dda40-0bfc-49bd-a6d9-c85e39bf31f3.wav,39
3ecd67e9-3866-4e11-ba84-8039e0df8aa5.wav,0
3ecdc341-4654-468d-b53c-898079c1956c.wav,28
3eea2332-d2a5-4130-b0de-3d6f5911688e.wav,24
3efb5431-56df-483e-bcda-a2dec6ef0ad6.wav,32
3f32a716-547a-4778-935c-0b5ed1e4a5ca.wav,46
3f646135-6396-49be-bab1-944a22e07f9d.wav,32
3f673002-13e0-4258-9f03-634cfb4dea69.wav,33
3f8d76ab-3d63-49ab-bb0e-bb0f3b0d3d03.wav,34
3fb4bf8a-dd30-44ec-b7a9-39ba555a0df6.wav,2
3fb728d3-ccaf-4178-8f31-f962ffe432d2.wav,23
3fec4f16-2b7d-40e5-8dfd-7d2dae35db93.wav,2
4016b1e4-6630-41a6-87d5-5118b1605936.wav,15
402c64bc-de48-4129-9ebc-ac6befcdfd06.wav,36
40afd115-91b3-4d58-b17e-5c0c0d0a5ed5.wav,37
40bfc2c6-0178-40cd-a46f-a3809460048b.wav,47
4117c96a-e241-4edb-be0e-d3b0cf69c869.wav,4
41944917-204c-4a79-8b51-1118c54edeed.wav,47
41d07bbb-1715-4eb9-9e8b-dce2f07b9923.wav,22
420d37d7-3c12-413f-864e-3f338fc07bef.wav,8
4228bcb2-30a4-4adf-aee1-e96dd865afee.wav,43
424bd7db-ac72-45d2-b889-273d55bd8d5f.wav,48
42547e4d-43ce-4b5f-ac0f-7e3c91655c61.wav,3
42b62047-0d26-45c5-98cd-6aea063c4a9b.wav,0
42c18d13-c931-462a-97f9-1e920a4df1c4.wav,5
430c0d96-d841-4d4b-82f5-2973bcf4a3e7.wav,1
4366dc11-fbc2-49bd-b1cb-be8bff548d8b.wav,35
436b3608-1df8-4893-adb4-9ed31f5551c6.wav,10
439de026-97f6-4a6d-a5fc-48f1f8f0f6ce.wav,35
43baf0a1-3cc7-4a15-92de-5184de60a1ea.wav,12
43cc1e37-44ba-49e5-b3c8-06d247b4edea.wav,30
44275ee8-91f1-4fe0-b09e-c4a24d47966a.wav,6
44398439-1092-4b92-93f5-63e1776b16d5.wav,35
4482dd07-77e1-4e71-a20c-0f8beb2ced35.wav,31
44ae9491-346c-44fc-8be4-fc30d568e8b8.wav,39
44dfcf4a-1086-4bd7-acc5-f1a754d7e5d1.wav,16
44f938aa-a814-400b-a120-7842285e2e9a.wav,33
453138b8-73ac-46f0-b505-065bd4120e53.wav,24
454163fd-7ab2-46b4-81dc-e589113f45be.wav,41
45712f0f-0322-4bc2-a4a9-41dcd890db68.wav,36
45c0ee57-1de9-4fdd-8248-2a1532b81e9a.wav,44
45f2810d-6736-4426-8150-6747ad637ade.wav,17
461b24bd-cb00-4210-ad5d-af9deb40c3c3.wav,2
4649b00c-022d-42a4-9475-e426c8ba15ad.wav,8
46cf9543-abf0-4a5e-b5de-c443841618e2.wav,32
46e42d7a-30b8-4cbc-a9d2-4df6c2476014.wav,44
46f96cbc-f4c7-475d-aa16-93eac396e670.wav,5
470678a8-3c38-491b-89ae-f7612605156e.wav,42
47486d02-9589-4645-a1b2-cd3fec71cb75.wav,26
475d0ccb-129a-47dd-952d-ae4bccf07b57.wav,31
47a7368a-d4ce-4735-8667-e4ba9e75790e.wav,8
47bed46e-e660-47af-a5fc-d64158e91dfb.wav,1
47c25ba6-d6b9-44c0-9664-67dac8362bf8.wav,49
47e05923-6058-4344-9f3e-f3165f616022.wav,7
47f6473d-7a23-4974-aeb4-caca98ba1623.wav,47
48bc2cf6-3833-47b4-a8ff-559752013844.wav,12
48c808aa-b931-4e40-8da6-9ea6d9490501.wav,49
498465b1-5c38-408f-882a-990919e96ec7.wav,36
498b3d19-35ed-4266-8e51-19f27aade4a2.wav,39
49ba1653-ff53-4fca-8f79-40b47e4eadc6.wav,45
49c8df6e-09e9-4d78-a639-f213ce485cc5.wav,24
4a00da09-7681-435c-9ced-4f7f6066049b.wav,19
4a37fc61-d213-48b1-bab0-2a34e955e7b5.wav,19
4a74b459-df21-4783-8efc-75f8b71cdbcb.wav,43
4a82b52a-a858-445a-9739-f980b6672e5b.wav,8
4a95d834-75e6-4846-8ecc-5fa941c08cac.wav,37
4aac106a-c1a4-4624-be2a-7ef4d033d8cf.wav,12
4aad263a-1d9a-418e-946e-bb4d005e2f0c.wav,24
4aad4b43-6c81-402e-aeec-87ee4989f6ff.wav,47
4abdb92b-d8ca-4a63-bb85-be6468ff7426.wav,4
4ad2b71d-40da-472d-b68b-2a682f5e7f02.wav,8
4af71d1f-aad6-4184-9f83-d0376fdafb24.wav,18
4b0c6eec-0bfe-405a-a658-5f7d58ea1247.wav,49
4b837738-49d3-4c24-8e65-e417fe5c422f.wav,0
4bc8c967-903d-4705-aa69-380d390ff173.wav,21
4bf57596-4003-4eb7-9311-407bca8f7f2f.wav,9
4c3c4ff3-1f8c-44be-8180-8659386700b6.wav,22
4c6b0f54-3368-4cfb-90df-b2f37776c273.wav,39
4ca6ebca-6978-414d-8415-0ea89eb922fb.wav,49
4ccbc9b4-0726-45c1-bab8-849398ea1c28.wav,34
4d0271cc-55f7-4e4d-8c2d-2d078eb90ee6.wav,1
4d9999ce-65ad-4904-a3e0-61905abd09a4.wav,42
4d9a0fbe-1c8b-4e1a-aac0-56b0fefba3ae.wav,16
4e37043e-cef5-4937-8623-911785b5a08f.wav,27
4e50a93b-f3a1-4446-9ed7-f140f51de397.wav,6
4e51253d-d847-43c5-8e16-23ee7cc211e9.wav,21
4e703873-11c4-43ef-a542-10718e7db2ca.wav,26
4e714209-ab1a-4da8-8861-d25003e0f57a.wav,1
4e95de53-c920-479b-a791-31ad7f646e4d.wav,18
4e9d447d-ef6e-4114-876f-fb60ec214219.wav,29
4eeb3857-432d-4850-a948-76f3dcd93e81.wav,2
4ef897a3-a1a2-408d-9b10-a83a0d4dcf19.wav,17
4f177e13-86ce-4654-ac97-e8b112ead502.wav,37
4f5e386a-162c-4ce9-98d7-769198b3d66d.wav,4
4fda4593-e8d1-45fb-8e68-9e4803660608.wav,21
4ffb306f-c544-49ec-83b9-dd4d5ce8b2ec.wav,32
50057b3a-c763-4532-833f-f8db27703551.wav,1
502874cc-9edc-4bf0-ac1c-099f5162f0dd.wav,31
503e9c31-8dab-4cf2-a027-6ea8f891264d.wav,30
507a7cb1-400a-4981-99e7-6c85a2cab424.wav,48
5090b65d-1707-4286-9c6a-23cad2f3dd4b.wav,18
5091ad1b-0179-4260-8307-ec7398deb83b.wav,19
5092ab1a-e3a1-462b-b403-337fa6e54135.wav,28
509c02cb-30dc-428b-9db2-fc789e828a01.wav,29
50a89491-399f-4ee1-a013-f4b03e6e38bf.wav,34
50b750cc-e79c-4b92-90af-48ee6fc39734.wav,44
50c1e42b-df5c-4a51-b67a-ab73431fd4dc.wav,21
513d6ec5-3a61-4c92-a14e-9e61c3775c5d.wav,23
5150c2d5-bfc1-4e3a-bb15-3c1fea781d5a.wav,19
5176a769-7590-4e5b-93ab-e8a186ff4311.wav,37
51a74280-1619-4050-8440-811a1fb75492.wav,27
51bde2b2-8749-4285-b998-9bf37a574f62.wav,23
52038af8-e78f-4331-83dd-42d9a06b0532.wav,3
523082f2-7db0-4d7d-bd22-aafe0aff633d.wav,10
526604a7-4dfa-4ff4-a520-6283b4a424e5.wav,7
526ed219-7a5e-43fa-b248-ca85d7da5795.wav,27
5272769f-3d70-4636-afca-7d0231dd9a6a.wav,30
527ce133-38a0-4edd-ad6f-10bfaabc3dc0.wav,1
52dcf7f9-539b-48cb-a40e-445304736533.wav,0
52f595f4-cfdb-4021-9e81-41ba346589d4.wav,7
52ff86eb-d110-4e78-8a03-5c59281ceb3a.wav,20
530a3027-f8dd-4ad5-a811-22bbbd157755.wav,34
53532072-dd5f-4741-a003-e6aedbb4c4a4.wav,8
539e5085-d18f-4f44-b6c3-f840a9f1c472.wav,31
53a98a90-bcdc-4ae7-b860-adcd5fb5b4da.wav,36
53b676e4-888e-4d65-9e76-90a3022d71e9.wav,44
54040e23-8fd2-43bd-abc9-22642dec2639.wav,42
541df108-2585-433d-a368-5491eefb0413.wav,17
544dc4fc-0a56-45f0-9db6-a62ceda8e227.wav,44
5458710e-045e-42ea-8623-f5c0125ebae3.wav,21
548cf326-f988-4a10-8028-6d7057d91f32.wav,28
549508c5-edd9-4204-b2aa-04bb629e1372.wav,13
54cfd0f1-2479-4323-95f6-293a238902b3.wav,27
54d4346a-4561-48f0-877c-d55684ae953a.wav,43
54d9ba97-9a02-4e30-adbb-11f774824208.wav,35
550366e1-dd4a-4968-8f2f-fab2fa94d811.wav,9
560d6891-7249-4980-8ee6-7adaa6d69fd1.wav,5
561239d5-511e-4cc2-b180-da94639f54ee.wav,44
561e3b3a-dd55-45e4-9bc3-7113f5a5b89d.wav,41
562f6d9c-43ce-48fc-84f8-7359679a72e7.wav,33
565004fb-a856-4006-a311-883abe29b4c9.wav,48
56ac38ef-66ba-4898-b5e2-afdbcd48ea7d.wav,40
56f9510c-c4dd-4080-8b69-ff06b3243392.wav,18
57008e11-f631-4011-aa45-2f4a4c6b74b5.wav,2
5757d4bd-1427-4bc1-ae33-bea83a0b793c.wav,6
5792262e-1924-4ae2-88ca-13e25735563a.wav,37
5792c0b1-5038-4d22-a3d9-00a0c84fdd41.wav,1
57f32235-a4de-458c-9d43-eeb61d956114.wav,5
582ab6bd-1e72-42de-87c8-91a7fc33fa02.wav,31
583c0fbb-6b62-4b15-a585-3e20e8b715ce.wav,0
58a74bce-77da-47ca-9c4f-4137a32053bc.wav,3
58b539ee-bcdd-4062-a6d2-6a19bf01df5f.wav,32
58c55ed3-2393-458f-8990-23be2fb7fab8.wav,16
594af89e-bc97-4100-86ac-358b5f011d12.wav,43
598f0773-0671-4d52-93a9-974261674de1.wav,4
5994fa00-29ad-4722-99e5-bc13b5485591.wav,43
59b891e2-d79d-4110-8567-fbefa583b81d.wav,23
59d12d97-8072-4d52-994f-b66c80d304ef.wav,3
59d2dfec-f72b-4a04-99d7-924cdd9a18d2.wav,45
59e1fc0f-9ab7-4440-ad60-ca84e821f7be.wav,33
59fae95d-6789-46ac-bfef-12d7fc8b1794.wav,37
5a514935-8492-4ecf-bef7-7dedbb6a77d4.wav,43
5a5632a7-c6fb-449d-b789-b90885904593.wav,42
5ae0db6b-145c-41a5-a468-1c000ec30917.wav,39
5b0bf943-bebe-4dfb-a2df-a83888406b80.wav,9
5b15bbfb-75a4-4d57-bbc3-a63b5ca8d6f0.wav,0
5b20fa4e-cfaf-4dde-beae-633aecc295b0.wav,24
5b94f701-676a-4fc6-ab77-607de31972d8.wav,48
5ba44465-5efa-4bcd-9105-a3f7046e52ed.wav,36
5bbab03d-c00a-4667-ab0c-b63d5e67148c.wav,23
5c12ac3b-0b94-4a9f-b39f-937c583f523b.wav,35
5c3e951d-a7a0-4847-af86-d5fcc85671c8.wav,18
5c5251bf-dd21-4859-82bc-8bb5dc2740f7.wav,28
5c685794-7f71-480e-83a6-d65ed3220b50.wav,23
5c976faf-560c-4cc8-832e-e6ea7fb21f56.wav,20
5ca3e2f0-1f42-46b9-9a42-743813eb9e3f.wav,20
5cd43bda-4786-4761-8b54-36051346097e.wav,20
5cf46a65-f9e8-46f5-9788-d3f6f05a1d03.wav,0
5d22c192-797c-4433-b6fe-81a52fca75bc.wav,19
5d453f9f-eb58-42ed-aab1-ba1606d57eeb.wav,13
5d616b66-f8fa-4689-a8b9-4bb8a724a935.wav,45
5d68044c-f33b-4d78-840b-2d0a97007802.wav,5
5d7cec67-cb3a-4888-bea1-3a03adb3368e.wav,33
5dfa1d66-98f3-4c6c-9813-2f3378932f4f.wav,40
5e60608d-8a88-4b06-a620-b34dfa5a5ff6.wav,33
5e65d59f-0658-48e1-9e01-107466198de3.wav,39
5e6bd7ca-9eb4-4461-a4cf-7460f4739bdd.wav,27
5e6f4e2e-88b6-4ea1-bd98-02b948610e7c.wav,22
5e7a6762-2e1b-4a3b-9692-1dd24f226d6a.wav,8
5ea0bf78-9156-44a6-b0e3-6844c76a534b.wav,30
5f13fe34-3f4a-452f-98d5-731548df50d9.wav,9
5f179a60-e3f4-45a4-bac2-93436159bf57.wav,5
5f2189b0-6424-4dc6-bde8-a1908bf1c0b3.wav,2
5f3ce766-f592-4acd-a148-27d63d213a93.wav,47
5f455bc9-dd21-4600-90df-38708e010f4d.wav,29
5f5b0272-6f21-4274-bb1e-4bd5d7dbb984.wav,19
5f739562-a70e-4746-8c83-58a137d0a8ca.wav,36
5f90ab34-2453-4cc1-a87d-8f2feb10adba.wav,48
5f917b08-da64-4b74-b1ba-321ec3564467.wav,36
5fea530c-de84-4de3-9a1f-14d9f1ba6d5b.wav,34
5ff1421f-7340-480e-8188-94215d1a64cf.wav,49
5ffb12a7-8392-4be8-9014-412598da8ad5.wav,40
603da8bb-a532-414c-91bd-2b8d7e97147d.wav,6
60841e2f-b057-4360-9236-083f18847d2f.wav,3
60b6052e-adca-43c5-99ef-dea8584eb19f.wav,0
60c50838-dd52-4753-852d-20a860dac884.wav,17
60db4115-d528-4b38-b65e-de38c6ffc944.wav,18
60e82dc9-5b39-4457-b672-b55b1346f274.wav,33
6113866e-ea62-4625-a116-12f1305f8be4.wav,17
61322287-0f8f-45f6-9eb7-d0bf7330ada0.wav,35
6133559f-0bc5-478d-b04f-1c82de631f4e.wav,32
61392d30-fa40-431c-a809-5fc42e3a8e22.wav,15
61433b0b-a8f6-422a-b1e2-f88978786920.wav,10
616be8a0-daf6-4d3a-9d35-99410bb7b91e.wav,21
617402ab-d4b5-4ee4-8b38-b97cabc703de.wav,5
617b4194-3ed1-42d6-a794-4e80d10ef29a.wav,32
6186a57f-4077-421b-8b65-fb10aa7e89cb.wav,18
61a8a447-f099-4a65-ab18-0adc236d0656.wav,18
61d8d5d7-dce0-4b16-b450-c1caa151fc82.wav,14
62782da2-6e69-4998-8ff8-a2b9861efdd7.wav,15
62c11025-1d29-40c2-b28c-652aa254ee11.wav,22
62f99a12-9a53-49f3-8c75-907c3ac4fa10.wav,41
634dfe28-c9a8-46b5-9707-53ce3f1a74a2.wav,19
63b6ff4a-fe55-4d10-8547-4a6e1322f3b6.wav,48
63b9fda2-5211-45a5-a596-78155a3ffeab.wav,39
63d5b991-ca00-48ea-a8bb-a0f934e083b5.wav,41
6453323e-39fa-49af-a880-5085487da4d4.wav,30
6456ce3a-e47d-4468-8d17-0d4b40109c4f.wav,2
649403c9-f301-4932-9be2-941ce7e01732.wav,22
64b34177-35dd-4c7f-9afe-cf43b03c9b09.wav,28
64cb25e2-5b19-4198-83e3-f8385c04c023.wav,47
64d8a2cc-64dc-413f-ae0e-b19d6b899de4.wav,17
65073c5f-7ec9-43e1-ba0a-b8198727f7d9.wav,44
6528d828-a9b8-42d6-964e-4f5909a8c783.wav,23
6576c48f-7068-49d0-8bc7-aa771495adae.wav,21
657d459d-1ee4-4e0e-a818-b46c971676bc.wav,33
657f8d28-e8d5-4216-8258-1532e9671f29.wav,11
659b392c-9fbb-45b6-a138-3bbc341ba931.wav,11
659feb32-c6ed-4124-9911-b820ec99161a.wav,34
65bf5810-856b-4444-813f-7a40eaa1aad4.wav,29
65c341e9-0810-419d-8189-05ba5f665d7a.wav,10
65d13670-9352-4ed6-86a0-e0b6ef5fead0.wav,20
6604f302-d996-4abd-beef-e343052a3a7d.wav,0
66169b62-9c64-4490-b59b-dc4b79e207fe.wav,47
663293c2-7828-43b8-afd9-35941dd284fd.wav,28
6658f7aa-f676-4769-afcb-36f66f044ee8.wav,14
66c516f7-3cae-4b9f-9679-1f69153543f3.wav,12
66cf6c00-cc44-417f-b2c0-1eb35e401a52.wav,5
66d5372e-4b78-4d83-9512-ecb2ba5cf6f5.wav,32
671039cf-ddea-4b38-b49a-43c88a17caf2.wav,4
671e2385-b873-44f5-b7fb-5cd9add63054.wav,16
6727e372-cc09-48d6-a8b3-8763b815c57d.wav,2
672c3936-30da-4c20-b03f-c3ed0b1c288c.wav,6
6730548e-e555-42f4-994d-3f868bc42409.wav,12
6759a19b-6337-4238-8246-50d1c643fbb3.wav,36
678cb58c-e08a-4830-afce-f581193e6a82.wav,0
67b29627-9cbe-4638-bfa7-c91f1357e6c5.wav,11
686e9af4-3e81-4d00-91c6-4aef856ebf99.wav,2
68c5899a-190d-41f1-81cc-4a42f86f12e8.wav,38
68d30884-bb6e-48a4-b149-f9f614cd403c.wav,15
6918fe87-a42f-43b3-a212-a049eabb094e.wav,49
691f9b8d-c67b-4805-9df5-05dd2f547c5a.wav,10
69244bdb-8d06-46fc-aea7-d65b2a9f04ed.wav,7
69569f4f-0614-489e-9ce0-db3488c6a8bb.wav,46
69b7a469-fb12-4d22-8329-600ebfc02abd.wav,36
69e3f0ec-0a07-4a68-8a11-c4a2017edb4c.wav,23
6aad9864-cc37-4cd0-bf1d-4b89e2d4dbec.wav,22
6abf546c-1842-4eab-95c3-fce5b7ad181c.wav,49
6ac94bc5-89d8-4bb6-8169-ef1877a1ab5e.wav,24
6afcfd81-2874-47dd-b7ab-bba100bd0f04.wav,22
6b7f63af-7df0-4e1e-b479-cdfa2e60558d.wav,43
6b7fd6df-9a5b-4354-9d50-ec6ffe363473.wav,1
6b91295c-ab0b-41b8-84ba-321aa5447168.wav,28
6bdb5d53-ade6-4bdc-86ec-6cd0cd7869ce.wav,0
6c36f469-9dfb-4866-8a03-871e62c345df.wav,45
6cdec71c-427a-4eff-9ca3-687fc1487e39.wav,0
6d065519-6e72-431e-8ae5-73457bbfb700.wav,33
6d0d6636-8a63-40a3-87be-c202e5f779d3.wav,9
6d6a64f3-c272-4794-87b2-305540835ebf.wav,43
6d91f426-66c3-4ea4-86ca-1dfe34c49951.wav,0
6d970e60-06eb-4098-bd18-da3b8953c999.wav,45
6db70e21-ccfc-4918-9eb0-66bcc19bcd87.wav,4
6e09490a-ea83-4b95-a482-813b916a9b9e.wav,29
6e09dee0-e7da-46d4-8853-95c9eebc342c.wav,21
6e1ce46b-b51b-435d-95bc-12a363b4ab53.wav,4
6eb1e128-90c6-4201-884c-bc1050ec5838.wav,38
6ebae310-6e8a-4a95-ac42-e8a8cc6a61f6.wav,40
6ee208a4-351e-4b3b-a74e-f579670e3e0c.wav,45
6f70c8d6-4d22-4298-859b-512229856cce.wav,9
6f71f29f-1742-4d8d-8783-cfea85af15d3.wav,0
6fa31c1d-4428-4b09-8f03-84c4145c016e.wav,33
6fc683d7-a6ec-4721-98e3-5e4fb278f1f0.wav,4
6fdd3116-8b02-4023-9c12-6f54ff58d35f.wav,22
70120708-561d-43b9-bc2f-db3cee78ba81.wav,20
704edbb5-7aba-40d9-a3e3-5c87517ee45c.wav,1
705433aa-f583-49b5-b7ce-97f545b68164.wav,15
7057a866-4996-4ff5-9734-522ce901cb0a.wav,16
707ba90d-890c-4e7b-8ac8-c2a487143643.wav,17
70aa958e-f2d0-4e16-b807-0e8d6e526a90.wav,30
70deef73-568e-4264-a8f7-f79492d5d19c.wav,27
70e14ece-b5d1-4432-9a42-eee2bdecefdd.wav,44
70e541d7-8c0e-4e2c-aaac-e3d746fbcb3a.wav,30
713d4073-4963-4e39-a033-5f340543fd64.wav,36
718b0c71-4af0-48a5-b3c7-8b01cb0cd3c3.wav,49
71b4ca36-5fe9-445c-b188-0302a19f9820.wav,32
71d220c0-08d9-4962-9418-b8060dc50bc3.wav,36
7202684a-2b10-4a9b-977d-c07210be10a5.wav,45
720bee8d-ee0b-4f00-8556-31aaa66aa41b.wav,8
7245fbda-dd35-4603-a434-be4f68459555.wav,32
72d6aa9a-eb4c-452f-84d5-b89a8097032c.wav,16
732b25d0-1be3-48cc-9bef-aa8e40fac341.wav,19
7346c135-59e6-46fb-ae53-017f9f0a1282.wav,5
73648c4b-9f0b-40d6-932c-00b8315049ab.wav,4
739f80f4-06f8-4124-a9fe-70803154f1e4.wav,24
73d061d1-fa7a-432e-84e9-5706ffe6c8ab.wav,45
73fbcff1-1b3e-4169-ad9c-0a5b65eeb166.wav,27
74177fa3-76ed-43f3-a7e4-65901dfc58e1.wav,0
741c67c7-3276-4b61-ac47-0045eb1d193a.wav,13
7428119a-02fb-4103-9512-9e1c86423d61.wav,3
744f3b59-7d8d-423c-a4f3-4e99bbddd1b3.wav,37
74d91c46-f44c-4ee9-a358-9c82000de642.wav,35
751993a8-0a8d-42b1-a610-9d9db05172f5.wav,38
7592aaa3-b141-4d34-b3ec-9165dd041ad9.wav,37
7595d4a3-7417-422c-bbfe-39f86c3304ed.wav,22
75a987e6-c13c-4e8d-bd6f-f2d9f21625d1.wav,0
75b10d2c-b457-4c32-b74f-4152df1b326d.wav,38
75e58a23-e9fc-4903-ac14-5ff4f28444fa.wav,0
75e595ad-db96-4fbc-9d5b-c6747283fc1e.wav,1
75e9b2be-d953-4f69-b599-42aeab9b7e34.wav,32
75fc998e-9881-4f2a-8daf-bfdca0787d63.wav,37
760b8985-e857-47cc-968c-c50ac5ab2ada.wav,28
760dcdd9-981d-4828-87a0-081f2cb99c03.wav,19
763685cf-15b2-4449-94c0-e215cccf39cb.wav,8
76a443d9-3375-479a-b384-bcc78739f118.wav,13
76c0ddcf-fc30-494e-82ca-164ee87fe6fd.wav,23
76c4e474-f5c1-42b1-b4d4-34b43e40ec38.wav,9
771b91de-18ca-478a-b5ea-4756da00a8b8.wav,32
777db09f-79de-42f5-88d9-2321089eab07.wav,20
77af4234-5847-40c3-afa5-fabfa06b06c5.wav,43
77f89b1d-5f61-49e0-84fb-6ddb01ab9018.wav,29
782bef41-86f6-4080-a51d-4a7590483c7e.wav,43
785331cd-c372-437b-b4ba-7acd723a50ec.wav,49
7857fe36-d98d-49ed-b6a5-a10568b1d477.wav,20
78afa082-f62b-4354-b339-d8932e85af37.wav,38
78d213b5-0adc-4205-9b97-bdcfc0f2475e.wav,27
79612268-13a0-40e5-8a33-b94ae4932c73.wav,40
79ec26dc-8236-4b31-b4f2-29044832a710.wav,14
79f26a44-2f3d-4b38-a30c-0f5ce8780fc3.wav,40
79fcfba8-9e06-48ca-84a5-9127a06e1ed9.wav,39
7a4a1156-d4e4-4bcd-b34e-6e9532a0dfe0.wav,15
7a603f7f-25c9-4f83-9dd0-3c0b8f03ba9a.wav,16
7aa6f946-fc0c-4df4-be35-9586ba97f33b.wav,22
7abdf972-37dd-4eec-856f-039e392a84c4.wav,14
7ac3a0ed-0679-4fe8-8453-323682b9dbc3.wav,34
7ad7a839-d205-473c-8fb6-564f9437ee94.wav,22
7af6825d-e179-4da8-b61e-381938366bbb.wav,1
7b0d6532-e98b-4082-8463-b6cb0b509a05.wav,21
7b2641f1-cb7a-474f-994e-283935a4011a.wav,23
7b28e0e7-7866-45fa-b474-2eda3eeb1ab4.wav,45
7b29032a-a067-4f8f-bdc0-507097b8eea7.wav,36
7bb215f1-0e09-41b5-b57b-8ec5306c98a7.wav,49
7bb52751-3f38-44f8-a3df-cd2500100b89.wav,32
7c2b8ff8-66a0-413c-8e15-2b040074fa02.wav,45
7c512bbf-3d76-4630-9af1-f3129153c3d1.wav,42
7c9983e6-5567-4498-a99f-f72772b160eb.wav,5
7c9f9843-125b-47d7-89d9-24fff02af52e.wav,1
7ce450b3-ea71-4384-96ef-eb041021f7bf.wav,45
7cee728f-8c79-42c1-9dc7-552d5569f1b7.wav,6
7d275eee-fb04-44e7-9722-a19d36c27e5f.wav,45
7d35b72d-d7f8-4d22-9ecc-de692039b358.wav,6
7d405e6e-3201-4365-81b1-4fab7cef0579.wav,3
7d4942f6-5993-48a0-b993-35b613f338a6.wav,33
7d7ab4ea-313f-4b08-8893-30dbc79224ef.wav,34
7d8bff18-6a0b-49dc-89bc-69f1001fe347.wav,26
7e1f7baf-6285-4af2-ae33-a3287aea7a49.wav,0
7e45bdb6-9ff2-41e6-a418-d74a3b2e9baa.wav,40
7e49b74d-caf2-4b26-8055-11c0e8d9d298.wav,16
7e5516d5-882b-47e0-a8c6-eae20cbfaec0.wav,48
7e8e9172-53d1-4242-8843-272f0d400b3b.wav,7
7ea0028c-61a6-486b-b157-428486d5322e.wav,21
7eb69b81-7969-48aa-8cb3-6b2f310f2826.wav,16
7f0afb52-e926-4b27-adf9-08f57bfb3605.wav,43
7f3c7bff-442a-42b6-ae64-b21d8acd76f1.wav,8
7f4da550-2c80-4964-a8c8-67339c89d598.wav,33
7f5ca84d-3102-4975-a863-d4257bf89fd8.wav,37
7f5d0ece-13e5-4fb2-bab6-2919ed02d398.wav,1
7f79dd25-c9c7-4909-bda7-57325bd0f012.wav,16
7fbe971d-38c9-4d61-bada-2bdf7a7dd567.wav,27
7fdd044f-afea-4a5a-b41c-c323b6e519dd.wav,47
802fa344-5165-4ec1-b8bd-ba0e677d4e69.wav,4
803a4a7c-3ff6-4324-9c0a-3d0936eaa755.wav,41
805599cf-890e-46fc-9a61-3c88cc122216.wav,7
807ba4e4-00a3-4bf0-a62b-6b128d7e2a40.wav,1
80b54332-d94f-40fa-b933-ead0f4628005.wav,3
80da9a1a-4dc4-4a17-af3a-5010a1079090.wav,21
80f56de5-cd71-4f70-8da1-ab6298f09e87.wav,39
811fd9fb-a046-4e42-ba68-275f98f1554d.wav,14
813cb255-b6a5-4d95-93e3-2113657523f0.wav,26
814e93ee-b3ce-4f30-b8f2-a7e82eaa477e.wav,32
815192d3-e934-4bcc-b287-deaa6caa95e6.wav,9
81964955-54be-43fb-8cd7-af4f7f5e98a7.wav,20
81b7d4a8-baf7-4bb3-89d5-86ecc84c441c.wav,18
81b8b0f5-dbc2-4c91-849b-4e34ea49c1e4.wav,13
81b9fa81-5469-4362-a1a2-6f547244f626.wav,19
81c43a7c-4f54-4f77-b500-c79d484b84f0.wav,27
81ebf536-cf79-40bf-a961-383d58b8ac74.wav,41
821f0660-6b43-476a-9542-6828ff35fc8a.wav,23
831bad2f-c4f4-40a2-9b29-7db6aaafe5ae.wav,23
8334a503-e99d-48e3-9e54-338ada0b11ca.wav,37
837ff994-f35f-4a4a-ba67-232fa6293057.wav,23
83be7f46-33b0-4816-82e4-8187bfb2a8dc.wav,32
83e76736-39b3-439d-a6c8-a707bb9ea82f.wav,21
8428e58b-5a9d-4daf-96d1-9dc4a701af1c.wav,23
84808865-962e-43e8-93b6-48df504c6c71.wav,43
84dd6e25-ee8f-4a67-9e95-1bacd3b1b4f1.wav,39
853aea7f-c404-43df-b45b-1a0854353045.wav,8
857e0f8e-5c7b-4378-8bb9-e7c1e6d9b31b.wav,17
859abaef-e99d-4139-9514-f1e6f456e313.wav,38
85adff28-d498-4651-9752-189a4443df9a.wav,42
85db1ca8-ffb3-4aca-8b7b-38598887bba5.wav,6
85dc8249-1ec6-4619-ba33-a737bc22a0d7.wav,5
85e6f81d-b118-4853-90ab-2cc1f7f7fd50.wav,41
85fd6759-d32c-47d1-8317-c3b52768cfce.wav,42
86275840-a7c8-4daa-a07e-8adce87b4884.wav,15
864bdbe3-61d1-4713-a961-868121ceacd1.wav,42
864d2edd-468a-465c-8e18-daf51bee5724.wav,1
8650e42b-84dc-4764-9bc0-b7d63fd9e2e2.wav,1
8660c7ac-d204-4f1b-ab8e-bbef7c5d9212.wav,8
866d3848-2b90-4fc3-92c2-9a572642b2be.wav,48
8685975a-d269-46c3-86ea-be3869be945d.wav,13
86a5a815-c28e-40c9-bcd6-b10fa49be012.wav,17
86aaadef-5973-4ec1-b356-bfd11d8c9925.wav,4
87191937-c2b8-4141-a0cc-900f2d264e94.wav,2
8730ed5e-b579-440f-97e8-2827918831ed.wav,48
8736c31a-4dfc-4bfa-902f-dc463520e4b7.wav,33
8751645c-76a9-414b-948f-dd7f94ac6a42.wav,1
876a21ba-c67d-4478-bca5-72354a8a963e.wav,16
878038c7-ad55-44c3-8289-9ae92ee9f806.wav,9
87a8cdbe-a083-4686-9b11-e2b1871d7e58.wav,10
87af3cd4-a261-47d7-b2cc-2eba970d5aa5.wav,44
87bc8d06-11fd-4b6d-ac07-b40ca99d1ff6.wav,0
87f28f64-9249-4ae5-8a5c-6a1df5aa161a.wav,12
87f4e80f-1f50-46ba-8ee7-285c377e54b7.wav,24
881bfc73-c5da-43f5-9950-bfb8f57995ef.wav,23
88769f06-89a3-4548-996f-e92f7ccaee06.wav,10
88891ec7-f708-4e61-a00e-63f78d280e16.wav,44
88b1c90e-b2a6-40a0-9799-14a2efc5e0bf.wav,18
88e2664e-fa9a-4c4f-bac3-6bd7c0f4e014.wav,12
88e909ea-a2bc-4995-8c6b-069da5ac8a8b.wav,49
8915aea7-87f2-4ae6-a7c6-abe33aaf6ef8.wav,26
892aaff7-e44f-4120-9a30-5ad9b31f166d.wav,30
898ae088-2382-49ee-b138-8fc12195e714.wav,26
89bb0dd6-19a3-4e1b-beac-f5f5db311b7d.wav,6
89ca921d-8ee7-4030-9c3a-5eee62261282.wav,30
8a0ccf28-31ef-4fa4-bba0-8d395050928f.wav,17
8a125061-a000-4acd-808f-8acbb3dec601.wav,47
8a1f4443-ee4e-45d8-a0fa-406b34a0eefa.wav,42
8a2aebe9-4e27-4421-829b-84489040d30e.wav,23
8a31e6eb-8385-45a6-aa74-7af024d70496.wav,30
8a3a1ee9-441d-4a8d-bc75-3c9cd9935e76.wav,29
8a6e39d4-b460-48ee-b483-605f9df95757.wav,24
8aa70bf4-995d-4434-b9ce-be1d79be7e2b.wav,9
8af753da-3f40-446f-b087-4582b648710a.wav,7
8b125822-ec28-4ed2-a149-82ed434c24be.wav,24
8b171630-d4f5-4104-bce6-caecd2c7844e.wav,19
8b87e573-2fe7-41ce-af10-324a34163a88.wav,6
8b9641d6-8251-4b40-a148-c4d9c726ea2b.wav,48
8bab34e0-5296-4d39-8e95-67bcdee2b63d.wav,28
8c349cdc-ab23-40c9-b88a-f60aa065a776.wav,13
8c37b2ff-7328-4992-a2eb-694f80c6cbdb.wav,26
8c6c5814-6f63-4088-b470-87f520487460.wav,37
8c8e93a8-695d-4288-8295-8b48add10e58.wav,18
8cc53721-f5fd-4184-9d03-5dda01f84599.wav,45
8cd7b9a5-6c05-4013-b411-0f48006e342e.wav,20
8ce23e55-5b5a-4bcb-af10-18a727091220.wav,45
8cf7e231-442d-4af0-ba66-786bf476a76b.wav,3
8d361ace-121f-4509-a61a-dd36fa56a545.wav,23
8d82e641-75a7-43ed-b20c-5df9ee529221.wav,39
8e3d1297-42d3-42ce-8ac7-0e3810891164.wav,38
8e4ddf14-83be-4727-811f-4cbb36e89dcd.wav,20
8ecdb2aa-9c3a-4f3b-91cc-c1f78334a402.wav,21
8f1cf814-477b-4c5b-9987-c5c5c875443d.wav,29
8f24e459-a2b8-456d-81c7-29f4d0f0bb15.wav,36
8f38f1c1-9700-4284-9a1b-e6f55b5f19b3.wav,10
8f5a8757-58f9-447d-8bfc-6af059cf25b5.wav,18
8f7a07ac-12eb-49a0-94f5-348bb70226ee.wav,1
8fa6f6a1-c57b-4249-b502-8888b2e9a612.wav,45
8fddd2e1-fa96-406b-890d-32e6e79354c9.wav,43
9013d61c-5889-47fb-bdd8-b51eb9be7f31.wav,46
90320b65-963a-42be-b81b-a9b46f0a3741.wav,19
904c9c1f-6630-4cda-afbf-9bbf240d1a73.wav,36
90629c7f-f0ef-4380-b87a-b68e7a75a4e6.wav,31
908da600-9de7-4cb3-87f9-005de56189e8.wav,5
90b5ff4a-48e7-4e52-afcf-dda735432094.wav,20
90bd57f5-1ea9-43f2-b265-caad800d5950.wav,29
90dfc2af-b866-44fc-81af-176cfa7c338b.wav,46
90f39c11-657c-4ba6-8b36-52fac343b018.wav,7
913c47f2-5b27-4f70-bcbe-40baadafdab9.wav,34
919c9b61-9f7c-484e-a862-3e41541d218d.wav,45
91c0f50b-db25-4530-b3e3-7a03e1625d20.wav,36
91c16243-cf05-4d44-a115-7d44781c5d96.wav,9
91d8bd5a-66ca-4790-ac3b-e426c8775d45.wav,43
9241faab-9ae0-49bd-a0c7-ea45bde03cee.wav,5
925d6191-b0ba-4650-99c5-b8c7e334ac87.wav,40
9278587d-9db6-4c56-bf6a-ef481195c424.wav,1
9290c40b-dd7e-4555-9dd9-63a0fbb67328.wav,34
92cc4794-1f0b-47de-8a20-4e4b8dceecd5.wav,42
92d98163-10d1-4a17-81a3-db553c1c6c8c.wav,43
92f8b68f-c671-4445-af04-f9a2267e3db9.wav,16
93155eee-cd84-4be6-a94e-85970b40ffb9.wav,27
934a9dc9-d274-4c0d-823e-1daf67e680bb.wav,41
939c525c-2a70-4f7f-a4e7-e088691d2967.wav,13
93cbbcd3-874f-4365-b3e9-0f1ef0299d48.wav,18
93d7e486-035f-4496-8724-81547b0762a3.wav,26
93f65ff0-38c8-4a91-a097-1d892ffff32b.wav,21
9423067d-23dc-4cc9-86fd-93a1d443ea2c.wav,30
944d2345-730a-48d0-b81e-2ada1db9876c.wav,43
94607fd7-1ab1-4a04-934c-812a6ff38f20.wav,37
947b64d0-a6c6-411c-a711-6333c8c6f09f.wav,21
948ea7fe-4dba-4463-8158-0ed248777aaf.wav,23
9491cb91-3d33-4665-bf84-513227bda923.wav,47
94b3b020-78a6-4a95-9621-475c728cc832.wav,45
94bbd975-0db0-4a1f-bddb-c6a0929a9b6f.wav,1
94cb662e-f2ef-41ad-afc6-71b986f64991.wav,20
94d1d517-4a88-4d0b-8912-8fffd5ed670a.wav,7
959d68fb-97d3-407e-b704-54541b582bfb.wav,8
95a64a03-8127-40f1-8851-77097ffd0d50.wav,45
95cda74d-eee6-47d6-991c-82d9c0029ff5.wav,21
95e272b7-456d-4684-9a36-4da3309ad9c2.wav,20
95e8260d-7e76-42cb-ac45-a0476cb4161a.wav,43
964b1a1a-42d6-48d4-b6c8-db9360c86b9a.wav,19
967fe586-b32d-432f-bcb3-2512b13d245a.wav,8
96cb7279-6919-4036-ae6a-a5fa14afd58c.wav,7
96ff4a84-e29c-4f78-a13f-f6b37e6dc85a.wav,20
970d2017-f953-4ab9-b7a5-8b07ec0940c8.wav,46
972611d8-d4a6-47d3-adc7-003bb865e8dc.wav,26
973e3459-7647-458f-a136-a1ad69239685.wav,1
977fdbf3-993c-4665-8b63-306152b76879.wav,29
97b27b13-a8c8-4178-a73d-2732f1070998.wav,18
97be6dc7-895f-4ce6-81d1-37a69af65ab6.wav,14
9802f6d9-acc6-4614-806d-1ac8a1ade28f.wav,15
9887f523-396d-484c-b658-a6e9c1018887.wav,23
991dc0e1-e8f4-4ea1-9209-6085c494b58e.wav,30
9942785e-3b49-46c8-8881-67d411535bc4.wav,34
994e1470-45dd-403d-bcbf-d1cb8faa82be.wav,12
99a6d718-c850-42d9-b0ca-6bdf48c11880.wav,9
99baeeca-9820-43b2-aa2c-7ae0cc13c4b2.wav,26
9a154d7a-5880-45a9-bf02-e9f12debb323.wav,20
9a7120e6-b542-4281-a58f-517a02101cff.wav,33
9a7d82d3-939f-48b7-a3dd-d1da8a73eb45.wav,8
9a9c5f73-bc0c-4b9a-b19f-2b578a1e19fb.wav,37
9ad92f25-fb3a-4e30-8695-50db0a5e1db3.wav,23
9b0f4fac-c3f2-497a-bac0-c46a1f1fccc3.wav,7
9b1bfd81-c262-44d0-8892-98038b68c72b.wav,37
9b945d8f-55bb-4831-91a4-dbc9293e6b1a.wav,36
9bb7d804-6f11-4952-8479-95c8e01010fa.wav,32
9c2157b7-b600-42e7-bd1a-41f6821896f6.wav,13
9c462984-e01f-4b11-8d8d-eaf396f59db5.wav,10
9c4c3100-7782-4f64-9c87-4a539504fbc0.wav,8
9c542c30-cec5-4f94-9c72-9cbb45c49c95.wav,16
9c6a01f9-fd49-4c1c-9c2b-0746aabc4c0d.wav,44
9c89f43e-6576-442e-b665-910fa7038dc2.wav,22
9c94cc40-a089-435a-8442-5393b46495e7.wav,0
9c9fbe6f-c7fd-45df-80cf-29411421cdf3.wav,19
9ca4629a-9312-4f26-94af-03b75f4872d5.wav,3
9d2e76cc-c339-47dc-b26a-4b382f40b576.wav,27
9d37710c-51eb-4921-927b-cc78af3515b9.wav,27
9d54db66-9fdd-40eb-ab82-f1c14dae9efb.wav,17
9d81cb3c-16bd-4d99-bd6e-027aa2c34d3d.wav,3
9dee4710-72f9-47fa-80ad-3a03245e5349.wav,30
9df36f10-858c-42a0-95a4-66f271618e44.wav,19
9e63df7a-6306-45b6-a4d6-5a2ee51122fd.wav,32
9e8ed093-4c6d-4ad7-9daa-2ad4cca4d017.wav,31
9ea43e5d-44aa-4352-8722-8b1c0aa7a3f2.wav,27
9eac7eb0-4ff5-4c7b-a0fb-d870799acc4f.wav,1
9ec9d763-e3ec-46fc-8e56-70f5d0e27444.wav,14
9ee4f968-0ad1-4c0b-a872-9efdaa9dc8bd.wav,8
9ee7472f-7643-481e-a76f-1b6e6ff8565d.wav,41
9f28fc72-bfb8-4b51-bee9-7490272b849a.wav,21
9f2991d2-86c7-466b-9a1e-c9e4c39d2ad2.wav,38
9f2ca610-1d14-47e3-860e-308f7ee80960.wav,31
9f4ea053-2072-42a1-af41-f1e70b6a88b9.wav,18
9f57c76e-68db-40ed-8f78-ae957d255d27.wav,43
9f760fa1-e02b-460c-b5cd-366c242ab345.wav,49
9f888ebf-7e3f-4df6-92c1-2863d212ab3a.wav,37
9fc2bf9c-145e-4fc0-8dd2-e37a0c59fdf5.wav,2
9fc875cf-bc10-480b-997e-f88153158a73.wav,39
9ff43d5e-29fb-4060-a7d2-d19b394132bd.wav,35
a059264c-fdc2-40cc-b9ec-c5eb5a62b294.wav,18
a0657615-7dc6-4c43-9c0e-6a5deaa8a145.wav,36
a07d2a60-888a-4249-9312-f88dc0ae7df3.wav,14
a0c0bd71-fe19-44ea-945c-c102ed15c176.wav,1
a0d3a682-b356-44d9-a818-4d59bb913e28.wav,47
a0e2a125-e56e-4055-8316-501dae708a39.wav,41
a15435ab-02fe-4470-9e92-fe404d6616be.wav,38
a159163b-0fff-491a-baa7-035605ba51c7.wav,21
a1b52d9e-ec8a-4f6e-a638-c25670acb787.wav,26
a1cf1d7c-ad58-4453-9ac3-c4e01b4f996a.wav,9
a1daa0a4-36c7-4f6a-bf01-07ffb853f0b8.wav,36
a22508fc-f6d3-4231-95c9-2bb18681a368.wav,26
a28ccaa2-9868-4002-ab82-64017a7ff27d.wav,26
a2cd3306-d0d7-417f-9ee2-e17c1443e080.wav,4
a2e3fc8d-1095-48a7-9bd0-4124fb00dc8c.wav,38
a30cbaf6-68ec-484f-b3b0-8cf7cfb2a2bb.wav,27
a32de58b-331c-43bf-b767-d88920416ce6.wav,21
a35ec0dd-890c-485d-89f5-a43303699fb9.wav,46
a3fb56a0-59d5-4560-b194-0a35368ea051.wav,31
a42db03a-221b-453d-8564-2d8a64c7adcc.wav,23
a4489e38-81c8-4786-98f4-de2f7b43d9cc.wav,15
a4603862-dc43-4439-b247-9ed1668575f2.wav,24
a4b2c683-cef9-4a68-8ae6-c61bb4952807.wav,40
a4d4e877-d285-4762-8d2b-dfe4b89b6e32.wav,49
a4dbd822-4566-4e00-a09f-8dc4638ebfed.wav,46
a4dc9fa0-2122-4a32-ba1d-ec5ca2d6e687.wav,36
a4e2031d-4b76-4746-ba9e-4e99a9157078.wav,12
a5334605-cca1-47ee-94d0-54d83f47edc0.wav,37
a55f8fd6-e250-465e-97af-b84e59bf1c38.wav,17
a57ea885-1833-4a67-bec1-7ceccd12a8f0.wav,7
a593ac90-de43-4027-9104-df30bbce86b8.wav,10
a5d7e8af-cf6d-40bd-adc3-d9466d8c6621.wav,29
a5f94e35-06f1-498f-a614-ba4665d546b7.wav,0
a605c209-cc7e-4627-ad7f-f98a4c6c74d7.wav,0
a64167a3-1927-4041-8f00-03c7157dd70d.wav,4
a655d35c-5367-4646-8021-2ffffe5b408f.wav,46
a6ce67f9-55e3-4211-b5a5-b5e271bd0a8f.wav,17
a6f47730-cab3-4595-9819-030c1f0cf5ea.wav,14
a78264de-4ff6-45dc-b217-e5e5718c9c1e.wav,5
a85bdf12-fa5d-43be-9b87-cc40e9649927.wav,21
a8a30aa7-4a05-48e6-b0c3-875f2a8bb8b4.wav,4
a94822f3-9bd6-4612-a665-8d3fd79c31f2.wav,38
a94ea472-e0c0-42a0-9015-f539ef75c785.wav,43
a9616cd7-c0b8-407d-9c63-8c6bb3970caa.wav,6
a96d558e-0bc4-4417-bc1e-d6211d52e11e.wav,33
a973515c-5927-4dad-9866-fd7af6932db5.wav,0
a9ba9dfd-7f3a-4de9-9414-955878a5545b.wav,26
a9bf4162-1a93-4903-9c86-c67bde6b83b0.wav,42
a9f75970-515c-4eb0-afe0-6c29c849ce68.wav,46
aa23c805-7128-4d0d-8f22-d695d0b19b53.wav,1
aa387256-cc36-4d2b-b1e8-db471b438dc5.wav,16
aa7ef258-3b90-4729-b3ee-a63a94ac54f5.wav,21
aa92b627-f509-44c1-bfd1-7e08669c2eff.wav,6
aad501e1-eade-4a19-bd61-546e60753c14.wav,5
aae83d67-7343-4c05-8a98-8b223a9ac37f.wav,38
ab0da573-af00-47b0-90b2-45ced0eae074.wav,5
ab2c833b-6f90-42fa-9e20-071c5115e7d4.wav,0
ab49b4ff-7638-4a86-b781-dc2ac3364922.wav,35
ab5b5e77-0d20-4019-8bd7-656d4156f619.wav,14
ab9f871d-a987-4b98-a432-348d8a7e9491.wav,4
ac3ffa88-531b-46d0-a724-8de25c92c0a0.wav,14
acd4c980-c5bf-4445-a28f-5db8a0fd7f77.wav,40
acd7afff-d698-40c9-b917-c474db3e210e.wav,17
ad47dea4-8a9a-469e-83ee-76a50e12adbf.wav,15
ad62bd33-6b9e-4b73-a886-0271b2127604.wav,14
ad6fe155-7d15-4bec-a1a9-45f3f33e0464.wav,34
ad8a15c1-0f94-4606-aa70-9fb21d125218.wav,44
adbdb14c-adda-421e-8da6-f18901d68e08.wav,20
adce794b-27c7-468f-9765-b4f40d637647.wav,2
adeff9f4-a7a1-4235-9d41-aad0872eb747.wav,4
ae1f3b4a-69ae-4ac6-bf34-d0aaf4891db4.wav,45
ae2e9a85-8632-4c52-9855-280b259a3f86.wav,14
ae6de717-a6ca-4948-bb6f-65736cc43191.wav,1
aecdbefa-b412-47b1-b4ab-f858d77c0046.wav,15
aed26f60-23d1-42cc-bf5e-7e34e70a3d97.wav,45
aef4ae1c-7b96-48c4-8b76-de7ce88a4a02.wav,40
af9dcd5f-f0f9-45da-94be-646b3497ba4e.wav,23
b02621b9-f542-4cff-af3b-74cfd2181be3.wav,0
b03af037-fbd3-4bb3-84b3-ca4b71c6717d.wav,12
b054961d-5e11-4872-9945-b7155cdf7c95.wav,27
b099b85d-372b-47c2-a0a0-8a53f820879e.wav,1
b0a43a87-68c2-4276-a095-f40328865560.wav,38
b0c164c5-30d1-4abe-b63a-b3c13dfd01f2.wav,38
b0c8fb2f-117b-4fbf-b26b-da5f1de60521.wav,19
b0ea9c3e-4696-40ac-b883-7674e75fa9f6.wav,42
b1059195-a012-4f4d-beba-d6eb058b6dc3.wav,18
b180e970-73fe-4041-b665-dea056e2eae6.wav,6
b18b617f-c42d-4b40-acb3-0c8e614960e5.wav,21
b1b91cb9-689f-4e4b-be1d-b833c24cba01.wav,28
b1e5c27c-42e0-4b0b-b86f-8940cc83164e.wav,46
b221a039-f475-4c49-8566-7a25a74522c4.wav,39
b23baac1-185f-4509-bd99-26995f5c8a0c.wav,24
b2420f1f-1a35-41b6-a2d8-527e4bb57d4b.wav,7
b24dca1f-ac56-4b3e-9f9e-6c909ab961c3.wav,33
b2631128-670e-4afa-aa59-6c35041e068d.wav,28
b26d4652-89b9-4b9a-bbca-d449d4971755.wav,20
b29fb34d-6002-4e5c-bd0f-7e424a67982b.wav,35
b2d63461-9fed-4b11-9f05-f2063d5d7a19.wav,27
b2d76e8c-c576-4ecb-bbe3-a1806a9865fb.wav,47
b2e9c8c4-331d-4850-b926-d6b78e12d127.wav,27
b2fd3d85-d3e7-47ed-a769-4059a0f891e9.wav,21
b31ebafe-ef7d-4091-9420-33962120f6c3.wav,28
b31f2c2c-e907-4d74-91fe-3ae13bcaad4f.wav,29
b33c509f-7850-4ebd-901a-86d1f44f2b4f.wav,34
b3430c28-2d3b-4811-904a-97e574773c16.wav,2
b3918976-6238-492f-a881-67689c3bf75e.wav,21
b3d546a3-9a4c-4a14-8434-fc988099e3d9.wav,15
b445871b-2ab9-48ec-b194-da089ddb867d.wav,42
b46daff6-fa15-409d-9e94-11f29f5845cc.wav,8
b48379fe-47e6-4ae1-94de-30fef3f0ed4c.wav,33
b495f590-84eb-4a1e-9981-3560dfd141f7.wav,48
b4a798bb-37d6-4ae9-92fd-73673586e1de.wav,31
b4d1ee0a-05ab-4bef-91c0-20d9773be1a5.wav,38
b4da482d-ea11-4ba0-8b1d-200a7c7af932.wav,35
b4eb21f9-72a0-4518-8383-461ef8241785.wav,29
b5134734-0376-4b42-b436-dee4c0cbd3e7.wav,22
b542c480-916b-4ff0-aa0b-f0e237133b48.wav,23
b57447d9-debf-4dc3-adb3-8d83b77d31bf.wav,12
b57fedd4-72d3-4c3a-85f3-e6742fe1ceba.wav,31
b5b8dbe0-1a80-4fc7-9ffc-4f0a9602ff9f.wav,28
b5c1ebee-c9ab-43db-8686-d81ef2f9c10b.wav,48
b5cfa130-2671-4267-a657-72a134e79afd.wav,33
b5dd1d3e-79a7-4c04-ad28-58e319a30d1c.wav,14
b642e8a2-dbd0-46c6-b26b-3c8a06436e6a.wav,0
b6aa7b62-a6eb-4a93-bf94-997ea8675070.wav,27
b6d46016-d974-401d-a4f6-1b1b19fb2f81.wav,14
b73abfab-c475-42ed-a5e6-ee0a36bfce74.wav,19
b760e4e8-e666-4518-b11e-14f139004756.wav,32
b768d9f8-f2d5-4161-a6bc-de23103e5845.wav,18
b7e67ff2-6cc2-48d3-a900-1f4c1fbcadbb.wav,29
b7f26a0b-3711-4311-a877-68b4a987298e.wav,40
b8207bd0-d978-4214-b68f-65c5b22edb02.wav,23
b8324696-40d3-4ee9-835f-e3c77e96a70a.wav,16
b845378a-fcf5-4b57-adc2-96f1a5c0ef1a.wav,30
b848e4c3-4966-4348-84af-033bb9fe807e.wav,38
b8638746-df00-4b8f-aa3f-18351d5a7558.wav,18
b8730f62-5732-4688-8f44-773a007d1985.wav,2
b8b69ec7-7d81-4d11-aec8-2dfdd9b886c1.wav,38
b8d34ff7-bcde-460c-bd4c-362def8f2fec.wav,27
b8dfaeb3-6023-4bbb-a0e6-1111d4e41ff8.wav,12
b909645d-0989-4665-aff2-5d74c873bfc1.wav,19
b9345763-72d6-415b-b9ca-2b73f289d207.wav,35
b93f1a0f-1cea-400a-8e72-a005463f7877.wav,26
b95ee658-d116-4c0c-adb1-424fd48e3754.wav,34
b97e859b-bc19-4b85-9ad4-15122ea49659.wav,46
b9889a83-654e-4c64-9eca-b2d139e7ad00.wav,31
b98d1039-daaa-4d98-9a02-72916e18658d.wav,44
b9a5274e-719a-4db9-bb1a-efc76433484a.wav,48
b9a6fbe3-dc19-464e-ad25-c44aed16c6a9.wav,0
ba0bbff1-ab22-4d7e-a454-d15177aeec28.wav,49
ba248438-71fc-4e81-a5aa-a7ea5f23e2de.wav,9
ba5361c1-a678-4c74-9ad7-51465f03283c.wav,43
ba63134e-7a20-4315-8561-60bd27720ed2.wav,33
ba7035f3-0718-4939-8c0b-0e1e1554fd7e.wav,49
baedeef7-09cc-4825-b5c9-b5b00cd9e233.wav,6
baef3a0c-999d-4d09-a6bc-e901564fa378.wav,32
baf2b645-8fe3-4db6-bafb-fb12c05f7f2a.wav,5
bb1fc3f2-7dd9-4054-a440-235ac273060f.wav,4
bb3551f2-6d2e-4551-8247-c635101fd098.wav,30
bb4674d1-a3f6-4553-b3b5-f1f94042e3b3.wav,28
bb9ab6cb-8476-40a3-8c28-c014190ca9c3.wav,37
bc0f5dce-699f-4938-a50e-988f702c965c.wav,43
bc16497a-7c3e-4a9c-a546-8ea6e546cd6e.wav,35
bc3f255f-1c10-49bb-b77b-2352282ae989.wav,1
bc577563-1fe3-4c5c-a358-9dfd496583cd.wav,18
bc6413e1-dee5-4170-b280-1fedb29d09aa.wav,2
bc7896df-5741-47ae-9533-be706d6256cc.wav,35
bc793ae2-978c-4b25-ad58-7c5f4e4103c4.wav,36
bc83e0a0-872d-42e8-820b-573269b9328e.wav,14
bc9dc7c4-5846-4104-8704-da270c93fc95.wav,44
bce8053c-885b-4ea7-8df4-e11026ccc590.wav,34
bd29e35b-6a1d-4cb0-ae9c-197274e4f990.wav,39
bd3af602-048c-45d7-b6b9-2f2dab94a1cf.wav,2
bd537057-45f8-4c48-8560-d64b3e0391b8.wav,2
bd83945d-36f1-4a69-9a27-251fe1fa5025.wav,42
bdc2c80f-a415-4d6f-b6d5-d67d9c5d92a4.wav,5
bdcfaba7-fa15-4d05-b392-e7046e6d30a5.wav,42
be3f6a2a-3f35-4327-9b4e-6cd698da73a0.wav,42
be56fc57-9dae-4264-b09a-7a3c026b107c.wav,45
be5a7ccf-b6bb-4b4b-8c4e-477d2e55a458.wav,22
be74ae07-f187-4c8d-8a2b-9ce38f43d78c.wav,5
be779d98-7801-4b18-8413-719d578c5deb.wav,48
bec8d7ac-c095-4ed2-a46c-9a3f4c210e4f.wav,48
bedc20c0-f001-48c4-a59f-152a390d1077.wav,37
bee50f71-162d-4e35-8837-c60360d7fd25.wav,38
bf0773de-caf4-46be-87a3-fb70cddf717d.wav,1
bf3afb7a-9df8-4e26-987e-a30b3aedbcfd.wav,3
bf44e9b5-042c-4373-8688-865c829d2a48.wav,37
bf542e07-a7de-4fa6-9416-748b0a2c4d3f.wav,48
bf565c8b-7aa8-4145-8ba9-6924cab758a8.wav,16
bf6449c6-874c-4884-ba39-059e5d6d4293.wav,28
bf91c8f1-4ada-4407-9169-0762f2448db7.wav,10
bfa8b995-a37c-4b63-b016-e1a705852e42.wav,43
bfad88d9-1146-42a1-94cc-d65830fa875b.wav,28
bfc0f143-0b96-4ee6-9f7d-fb96c98ca27e.wav,30
c029e375-0cf0-4f18-8ce5-0e7bd0205c25.wav,38
c031e460-26fd-4d26-be1b-fe8b022bf986.wav,49
c09890e9-c148-46dc-9d70-14bf8f4984e4.wav,28
c0b314b1-1635-4b6b-9515-5ac6c57cdafe.wav,40
c121b084-827a-4acb-be6a-56d8d01053d0.wav,13
c124fc19-0e1e-4b45-a90b-fa89526215e5.wav,33
c13d3d7b-e4a7-49e2-bb6f-272ca6a153e1.wav,44
c2237dc2-033b-406e-b8f7-4e69db49fa27.wav,27
c295c209-d9e9-4b18-8a35-81ff086a0a3f.wav,42
c2df0ede-af49-4326-8419-48bfecb0d612.wav,33
c2e995a5-639d-453a-968e-f9cc6fc7bf6a.wav,0
c343f9b7-88b1-4c96-afe9-ef4addc406b2.wav,39
c366e323-4a01-4189-acd5-8ac8ba0d5d54.wav,33
c36924ea-2ffe-43fb-a2cc-df9bc408fb9f.wav,19
c379e444-c3fd-4af1-9ce5-4a6ed39a8b61.wav,33
c39db097-7115-4f64-beeb-21fa104d9409.wav,23
c3db1508-e44b-4435-99ad-4cdf648db102.wav,17
c4234b2a-9d2e-492b-a183-ed86c775f469.wav,28
c47f8c8f-8639-44ab-aa32-6095c6066394.wav,16
c4967db2-d67a-49b4-aab2-78abd7ea1467.wav,15
c4a0e323-9722-4e04-a9af-c2bf65a44626.wav,32
c4adc7dd-4a85-447d-a510-f93e9a693e14.wav,0
c4daa835-e4c0-4168-8863-5d6bf05a58d8.wav,32
c5100ccd-09f6-4de9-b455-d9cbcfcc7c19.wav,24
c5b0c24d-637b-4e1f-b37c-475eb4183063.wav,46
c5cbd73b-ae7d-4f91-a05e-2aaa3d06ae47.wav,31
c5db253e-8cdb-4481-95f1-456aca8fa5fc.wav,1
c5e0f157-d9f7-4d2d-baeb-8b4b57cdb0e8.wav,0
c605c220-dc53-410b-afe0-a6081a65a7d4.wav,47
c6a15f5e-ac47-4d33-9c86-88685185589f.wav,32
c6ea4e8d-9e2d-4649-9e28-d8a08b2d9233.wav,34
c6ff9e22-97d7-4449-949f-bf9b7087fe33.wav,44
c724d108-9f17-4510-9bbd-9aa66d9a8357.wav,48
c74dc1ab-aa36-4deb-9949-d8124fb70d00.wav,48
c76ab50c-af63-41f7-86de-570579cceb34.wav,16
c7730e01-a237-4230-b26c-2c14f6054d2a.wav,17
c785dd2e-152f-4d92-ae94-d9810566a7e0.wav,0
c78e8744-7005-4091-b545-2ec30910eb11.wav,24
c791a002-a25c-4764-9d6a-4a9716a51c36.wav,20
c7a2c059-9610-4b82-a84b-37bbd518c8ce.wav,6
c7c418d3-c986-4ce0-aa8f-4cc0960f6764.wav,42
c7ea48a5-2494-4c38-ae29-18d184afaa7e.wav,22
c7fb2ab7-e63f-4e3b-9007-4fd03b99c510.wav,28
c835f4cd-88de-432f-bff9-f215cdc8e05f.wav,32
c8855d43-bdab-4653-b265-283a6f1635d3.wav,31
c88e4f14-292a-4926-87a9-816bbd1a7132.wav,4
c8969afb-9ea3-4456-9af4-5258c1c2983e.wav,27
c8ec374d-c5db-4b71-8d80-4702696d839e.wav,33
c8f02151-4f25-4d92-8abc-0f599aebd105.wav,41
c91ad319-f542-42eb-b93c-fef2fb5292e2.wav,6
c967e446-7217-4dc4-b48b-74828b446586.wav,13
c9efce93-416c-4e53-a20d-559870cb4d4c.wav,8
ca0c2c4f-9596-41b3-993d-362f3d87edbf.wav,10
ca0ee0af-7b05-4006-bfa5-f9c7e96d2327.wav,37
ca4cf71e-1582-4fa0-a9f3-4480eb42d291.wav,0
ca5d861c-4776-4c4c-b9c7-08514b06c9d1.wav,0
ca660936-4d39-4364-8be4-af8f2ff52e88.wav,40
cab469ee-f6fe-46ae-8c38-8c8cb10c5010.wav,30
caf783b0-c763-48a6-b0cc-5f75896aead2.wav,6
cb40f281-9d7a-4a76-898a-d4ffcb62ee8e.wav,9
cc259afd-59cb-4f28-9d1b-30f765798d7d.wav,18
cc42d01b-abcd-4478-9726-76cc2ed86e45.wav,31
cc65adce-c5df-4f9a-89cd-275af988f081.wav,19
cca624eb-74ec-497f-8a75-98e08e9272b1.wav,7
ccaf4be7-c1a4-4a77-bfb9-70d7c5d87912.wav,18
ccd111e7-34ed-4541-adbd-ba70fdb13583.wav,19
ccd18ead-47d6-4850-9c6d-29965f7810d7.wav,1
ccf5cfa2-6215-4db3-b1e0-815c6e13a909.wav,31
ccf8522d-3834-4f8c-ae50-2b39395ea671.wav,3
cd43f725-aeb0-45c6-a65a-35d5784dc34c.wav,18
cd56fe14-3b88-4f7e-a6d1-4207df89da18.wav,0
cd769119-053a-483c-bf8a-980ebcc9225b.wav,27
cd92e318-fa76-4116-8828-61cc77592d0d.wav,14
cd975621-6764-4419-8570-a073244d7e55.wav,0
cdd8075e-8a13-43e0-8102-e0414d3b6349.wav,23
ce0cd7c4-df0e-4a17-9579-246f5ac7fb60.wav,24
ce4675ae-961e-45d9-aaf4-93e823e3a498.wav,47
ce54c3f0-b142-4c04-896e-25e269231037.wav,29
cecc4ece-e708-4944-a17f-2e8619a57518.wav,35
cef158ce-9961-42d1-8bb1-b884bfc26ce0.wav,13
cf742faf-8578-427c-b21d-c445871c0219.wav,1
cf935522-b0fb-4876-b499-01418f4e9cc1.wav,8
cff3960c-8933-40db-a813-fb7fed161bd9.wav,17
d000707c-809c-4180-bff8-968835d98b2a.wav,6
d0084d9f-54cc-437c-9047-ea41cad2951c.wav,6
d0242fdd-e73b-4f12-81aa-5bf17e93642d.wav,10
d06adfaa-6731-44f0-87ae-dee02a93623b.wav,48
d070e29a-8e44-4f62-9788-436a88cb6b56.wav,9
d08fa5c4-03c9-4eae-816f-7452a90e3242.wav,39
d0e9a9ff-4220-4ab1-9827-77594e80eb08.wav,33
d17ec828-8bec-40ef-bd17-30e9d9a97ad2.wav,44
d185f01a-cbf6-47e8-bafb-5d6cdbec6394.wav,22
d1a0f4e2-bfdd-4baf-8ed7-480b57de246e.wav,22
d1e862b5-f330-46f0-9a0c-3fe7ecbacd0a.wav,41
d1f68d4e-41f3-490e-8c7f-2a9aa1776ebc.wav,12
d21337bb-6a76-492a-bbdc-a2277e9154b5.wav,30
d227c51f-4428-48f9-935a-ad90eb220859.wav,32
d242420e-33b3-4b1c-ba1b-574e3652fd82.wav,15
d263a319-a8d7-4e7f-a43f-e47544064d0e.wav,45
d287c2d8-a8ef-4ee7-ad95-eca9563510c5.wav,29
d29c55aa-95e4-4a3f-ae35-d314f54bc119.wav,41
d2a61f8f-be1d-489c-8bb0-565bc326feeb.wav,23
d30209f2-00fd-4965-b8cf-b49cf1a25d49.wav,8
d30b79ab-b23e-49e0-8d14-032adf9cd2be.wav,22
d33f68d0-9ac2-4757-a1b4-43b696ecd0b8.wav,9
d340da6d-42fc-48f7-a3dd-db4dba8ed470.wav,23
d341fd6c-77b4-46bb-b060-d6282eb31e5e.wav,17
d356b91d-c2bd-4c9f-85c8-6d25f1dbcdca.wav,7
d361b505-9a3f-4f56-a61a-769f453c8e41.wav,40
d37c4be9-5e2d-43cd-889e-91f2fb937974.wav,21
d392366e-ce0e-4588-9992-44364fefc0d0.wav,15
d3b810ea-c9b9-40e8-9808-6d24205b3ad5.wav,35
d3c624b5-50b2-4931-9519-a33ed893848e.wav,19
d3ddf0a7-ac95-4646-a905-c03060ac7f16.wav,41
d4586f2c-b65b-4551-ab8d-3d872890b988.wav,29
d4a8095e-e7e4-4f8f-b345-c3ba55ba38f6.wav,18
d4e380a3-c971-43ad-8bb7-8b746056468b.wav,4
d4f00655-7ec4-4029-a2d0-b919fa815b83.wav,46
d4f33a11-1dc5-4d27-a303-61e9377c3e7f.wav,0
d4f7d41a-c5ac-4e0f-9b66-8ccb9acf4001.wav,22
d5027336-4a9b-49f9-a3e1-ee8371eda47c.wav,35
d51d9b30-b6b8-4a13-a8c7-672a516e85d7.wav,32
d54e8411-1b62-4017-9790-f0ecb402ba42.wav,23
d564b04b-5c17-4b6f-8a09-56b114595798.wav,14
d579bf2f-a64b-446c-b605-91730acc32ad.wav,43
d59e6b88-0631-4403-969f-374089f650d3.wav,48
d5e7326c-8134-41c0-bfea-a1378de22790.wav,16
d5ef691a-9f6e-4eb0-bf96-a648bb99e0cc.wav,14
d60e6832-19ce-48b9-99bd-7c0d1f3aaff4.wav,44
d62265a7-9cff-4444-b3ed-cffbb5b32588.wav,30
d6509711-e4af-4e52-85bb-83d25b3c2ecc.wav,39
d65ea52f-203c-43ae-a1b5-8a7702f88bf9.wav,26
d666e52f-bc8d-432a-b5c8-f265aeee454d.wav,37
d6678781-e0de-472a-baec-4b52b32ec291.wav,49
d6a2ffab-0c39-48a4-9e37-caa7dc4382a4.wav,36
d6af3696-c13b-490e-8d59-9bdabb16d5a1.wav,6
d71ef993-1b6a-41d7-a5f9-309950526e27.wav,49
d73ae7f7-1173-4935-a0b0-44cb6383d497.wav,20
d76f91cc-4bd7-418d-b3b7-44b673235795.wav,26
d7ca6e24-89bd-441e-ac98-822c316178a7.wav,12
d81b60e4-99c1-4213-8931-d4615d167a79.wav,35
d82e2136-4a46-4369-8b05-bf4347b76c26.wav,16
d8413c64-24f3-412e-97b3-4f8ae3eb666c.wav,49
d850ea16-7ec8-423a-ae5a-cee970f49f75.wav,24
d8ff8457-a83a-4da3-9a57-4de300771cf7.wav,26
d921adf9-3c41-4ea0-8b84-03a98d4c0219.wav,1
d949b9d6-bf9f-4d9b-bfdf-7d3a20a9ca3e.wav,37
d9884823-5830-4dc8-9090-8b517ac4b5ef.wav,1
d9b2484d-d4a1-4ed1-a898-86c26dd05e29.wav,49
d9b9a4c9-5288-4b91-bf72-f4c4eeafb33c.wav,9
d9da3499-9cd2-4ddb-af44-a55bf98d68db.wav,36
d9e12880-e7db-47f7-ac06-f137b4f156ef.wav,8
da5ad406-93e0-43a3-865d-822f0bf4630b.wav,30
da70d4be-512e-41db-ba59-b7b7abd28fce.wav,27
da98c84b-ca17-4c58-8687-3f91dc492a47.wav,28
daad0c95-647c-4758-9f1b-58599787ff2f.wav,32
dab60239-ed5a-4d4d-8b01-75d370684385.wav,12
db24ee53-9b16-4802-8e78-fa9b4446c274.wav,23
db262281-32f4-4388-b553-003059f57ad8.wav,47
db48a3df-6fb6-41c0-b218-e1ec14550c28.wav,23
db4b805d-f92c-4d59-89f3-ce45789f7963.wav,3
dbf79dbd-64b6-48bb-b6c4-58016f2acc6f.wav,22
dc221aeb-3068-45e7-937a-1bcff6b37c08.wav,42
dc4e51ec-a5e8-491b-8a03-be532a51e17d.wav,10
dc62dcd9-21e0-420e-b442-da5bb08391ef.wav,21
dc861964-cc57-455e-8f48-8a0cdc5a6857.wav,37
dc95dd77-3531-4036-9bd8-7dfab96041de.wav,40
dcb91be1-955c-4fc1-bd4c-f30f3e7556b1.wav,19
dd5f9c43-8e45-4d6e-9a2c-bb7b9fda0829.wav,16
dd6cb3f0-5a55-4cda-a853-2cdf382c2b9d.wav,32
dd744c91-89cc-44ad-9bda-1e245d38bcc4.wav,1
dd7c902a-d4d3-4828-bf67-efd49d50f910.wav,1
ddc704d3-7164-457c-b003-2c16a7052c51.wav,5
ddcbdc67-f03d-416c-96a6-3c3a79bca385.wav,2
ddee3679-5e69-406c-9abb-33be97413ba9.wav,22
ddf60e22-edf7-4e1e-818c-120c0263cebf.wav,4
ddfc2bbf-3d18-43ed-bbfd-a37feb124c22.wav,1
de27bb50-5d25-4625-8232-37c11245f902.wav,19
de32ab2e-3bb7-433c-aed3-8c3fb3f75435.wav,47
de5cdfd4-7ac7-4e62-b3cd-0fb08a94b3e5.wav,38
de947b4d-17a7-4bac-8f42-b28f3793c701.wav,42
deb9a143-966d-4465-84da-29d33e137931.wav,21
ded03288-1cde-4a28-adbb-856931a78003.wav,13
df0b30cb-ae0f-4a35-ba3c-527c0580085b.wav,2
df45c9ca-a5de-4452-b2ed-42029f4c1256.wav,22
df61d483-e452-46ba-b2eb-4d5669e67183.wav,37
dfba487a-c5d8-458c-a95c-feb3f028cc8c.wav,5
e02c1111-83e8-49bd-a529-ba69eee0c68a.wav,21
e044dfac-a771-4a24-a265-52f081b1368d.wav,6
e05773c7-8f53-4ce3-a197-c0de95632dc1.wav,37
e05eff51-1ef5-4fd4-a2e7-6f00764b135c.wav,22
e07fd53d-e774-4ac7-864d-2b7efd5c7f1d.wav,17
e0f35208-0c77-4356-b35c-ff13ca42a0a1.wav,9
e152f404-a824-4609-9dc4-c0f3a0a3f086.wav,1
e1690be0-8f8c-4508-8e85-66e8e1109175.wav,41
e16f2519-b0a1-4fe4-b850-8664f9f410c3.wav,42
e1f1adf3-d733-4109-90bc-085b2ba4e638.wav,27
e202712a-b85b-460f-98f7-41d0fab3d67c.wav,34
e2129381-f082-45dd-b51a-bb668b38a7f2.wav,8
e2acbd4b-9df0-4724-b36e-ffc68926610e.wav,36
e2c7226f-c4b0-4394-b962-5d4bde0bb514.wav,47
e32179f6-83d0-43c1-96b6-e7ec5cc2b1b7.wav,29
e412fefa-37fd-410d-a3f7-005431a7445a.wav,2
e41f188c-f659-4b5e-9b7c-a46660cc34d3.wav,13
e455ab6c-0cac-4420-b797-87551e302b77.wav,29
e479de66-33e9-4489-9134-7d034cc819eb.wav,35
e62ae356-0bf2-41ef-85a6-e6f0b4727757.wav,47
e6462c4c-0343-40b2-80aa-113c11b11d4b.wav,29
e687f10a-dd9c-421c-ac57-2f2c541c3d74.wav,26
e6887444-5a8b-435d-af19-11ef55b3249b.wav,16
e68f4747-09fe-43e1-9275-6548a3bf29e2.wav,35
e6d97856-1560-462f-9f71-b7897acf546d.wav,20
e75989e5-cadf-4e97-b67f-846e9c72fe33.wav,42
e778d5d8-b488-462e-ab0c-18177eb8584b.wav,33
e779c793-981a-456c-9492-f0ee821d4764.wav,28
e793c349-6f2c-4df6-84ba-19f14b54967c.wav,14
e79ed208-30df-4c60-a6d1-503cefb20483.wav,27
e7e19104-3629-4d58-89a2-a802a149bfb5.wav,36
e805d010-4dde-469c-90d0-ea0c105cc31e.wav,19
e81e40b5-a2e9-40c4-b108-b0cd8d5ebbeb.wav,41
e824f605-43d9-4238-8d3c-98cf24f3a956.wav,41
e8342b4c-d25e-4541-b05e-26ef2a301e03.wav,39
e85f0b17-2de7-45bb-bd22-93ebd889ac03.wav,45
e88daf27-b80f-43fe-9c85-83007ce04d28.wav,0
e88dc4f3-024e-4298-9a08-c23d311c8547.wav,28
e8e20cea-520a-4b58-970a-4a68813f8dd2.wav,14
e8f95315-1254-41c8-b8aa-6eff0e271166.wav,5
ea07e94a-acd1-41e1-80f3-340e45a63b0e.wav,2
ea2910cd-5051-4085-bd31-4fe344495db6.wav,28
ea31ef79-955d-4b83-9283-ccf4e9dbb343.wav,0
ea331553-11bc-47f0-9cfa-64970d0b35c6.wav,1
ea3430f0-4dab-4cac-ba2d-1571b2af4803.wav,14
ea4b2cb1-e2aa-489e-879b-21515c45fd7a.wav,45
ead25d9e-7d1e-4bb2-83db-009871067b38.wav,19
eaf4953f-3455-42bc-9fd0-637074c7ad97.wav,28
eb39b8d4-e901-4e56-99fd-7edd3eacbd54.wav,10
eb566683-99c9-4364-8b93-c9be0af1ef7c.wav,47
eb7259e9-e2dc-4f60-a4dc-2f5a3230dbc0.wav,18
ebd515a1-a884-4309-8a67-fb7bb78de385.wav,42
ebe0abf7-6ec2-4dd1-ae65-9dc526abe779.wav,7
ebf74a30-9fe2-41b1-903f-485a715bc9bf.wav,21
ec013141-3b44-41d3-8552-cafb6ed425e5.wav,0
ec37ee45-d0d6-4c3f-bfd3-2582b752c544.wav,34
ec4a9bb6-e79a-49fa-a2ff-7706ef2a43ea.wav,32
ec58977d-5310-4dda-98d8-942216f5ccdd.wav,8
ec607922-e07f-4b54-9d41-e40adbc2cb0a.wav,32
ecacf506-0cba-4516-9407-095afb0f8e68.wav,48
ecba1d44-9a36-4b51-af43-8bd257069cee.wav,37
ecee09df-0d0a-4184-8d35-9e8ca4439c32.wav,4
ed0c9b61-4293-4e85-8f2c-668069aa6636.wav,3
ed899ff5-b168-436e-8a1b-a263caf32647.wav,21
ede8f64d-740d-42cd-8f5b-d800fb40b2a5.wav,8
ee0ba8ac-793a-448e-858c-7662468fdfef.wav,42
ee7c98a9-2d37-48be-93a6-e1cbdbdc63d9.wav,49
ee7efd2e-a286-4887-9c64-484b8c768116.wav,9
eebba52c-e655-4cf8-87e2-ac6ae635f422.wav,40
eee2bdb3-c04f-4b68-aff4-b20ca3f21be3.wav,46
ef5b87ca-34fc-409d-832e-e658f993dad7.wav,34
ef85b6cc-223a-4f7e-9f5c-fc6b5da811b5.wav,49
efa0e450-b6ed-4274-9538-2808b0f6b623.wav,35
efae1b9b-4132-448b-b878-5b4fd35d839e.wav,31
efccf6fe-87db-4b52-a7a1-2fc4ba7b0c94.wav,15
efd2dd46-6c2e-4079-bb73-eee0137badd6.wav,5
efde0f13-08a7-4047-a22f-e64f2338d729.wav,34
effc6859-667a-4fbe-b420-e053f8fb041c.wav,37
f0374f83-0d84-471b-859d-b4943e5101c5.wav,8
f05f1576-c3f3-4c70-9544-5f68e98d8a3b.wav,47
f09ca328-4613-40ef-92f7-adf85fd64327.wav,2
f12544aa-f197-40d4-95f8-0b60cda62fe0.wav,40
f1746941-7d24-41f5-9624-85b121c0a113.wav,1
f17eb24b-2425-49aa-994f-5d2604e6d91c.wav,13
f1fa535f-1641-4bf9-a9cc-3c40eb5ae122.wav,43
f21cf572-5426-43d5-a469-65b60da27747.wav,4
f243d948-ffe7-4fb4-ba28-62445b7872d9.wav,7
f258636c-5429-44c5-b7b6-fdf77db591b1.wav,46
f263ebc7-3f96-4c5d-9a72-ce549d9fa345.wav,34
f276c421-0bfe-4c2a-b253-087e94336fe4.wav,20
f2ba9a80-35f2-41f1-808b-5e38eb953d87.wav,23
f3253f6f-a572-4dd7-8edd-ff99a1dcf4c0.wav,29
f345849b-55b1-4faa-9cc1-ac022f3e32c4.wav,49
f355cda7-467f-4e68-b0e0-4d6c1f0370a3.wav,38
f3976048-58ff-4c6e-a908-40e98ca96f6f.wav,18
f3a618bb-ca62-46e3-a7ce-4b5f72790854.wav,2
f3bdfa59-9922-42ff-8ba8-cd23d4b04d08.wav,18
f3cc8b9d-adc9-440a-98fd-a443e3c62b1b.wav,37
f3d8e25f-acc6-4e41-b970-2f0c0dafd1bd.wav,36
f3ed7e6a-21a2-47b6-b725-d05ba7b5c897.wav,45
f420b81e-2167-48f0-b62b-16d1a912e9b2.wav,1
f480e680-a28e-4640-bb83-21154fc19bcb.wav,49
f48140d3-3585-4001-b338-1b76b49e99e0.wav,35
f482186e-854b-472a-b126-e2c90e395ea1.wav,14
f491aea4-0d7e-4902-8afd-e2cfd36c8dcb.wav,49
f4c9e97f-d03a-44a9-9301-f0c27095a5ed.wav,20
f4d79d17-7567-43d5-bc9f-ba56051f032b.wav,26
f4ed7f10-4cb9-4900-82cd-cbf7aaef5f65.wav,42
f536cb72-1a77-40e1-8293-d0cf9cc771e2.wav,49
f554ef86-e34a-4fae-8181-e54d45b6c323.wav,44
f55becea-4d16-43c0-b9f2-f4f004b13f48.wav,4
f589c5a6-de39-4325-b24f-59906c86cc02.wav,8
f5abdf79-b2a8-4b43-b29d-51112d59d5a7.wav,30
f5c2e0d7-50a6-401c-b7e8-c416082634c9.wav,9
f5d43c94-d825-4dff-be14-530b1d6b2fc5.wav,30
f5ea67f2-1224-47bf-99dd-ae2f260aa09b.wav,45
f615fb9d-bae0-40dd-a726-86679564380c.wav,15
f6310477-27af-4b3a-97dd-8dab1691bfc1.wav,41
f667bc27-8e67-49e9-8053-f15a169ab619.wav,48
f676bb14-dea7-4e24-a06d-2d3440e34228.wav,9
f679cb90-bec3-479f-94bd-03c3067f1d25.wav,0
f69c01bf-7c35-4171-bcc2-350a34710090.wav,1
f771ddac-a541-44d5-be86-118c5885831c.wav,28
f7876f6d-ceef-45cf-aee7-867a56458ce7.wav,13
f7afa17b-b3bd-4e02-a96f-d7a33206a52c.wav,49
f7f73f2a-241c-499e-b687-66b1517608fb.wav,10
f80b382a-fc76-46ac-bc61-4f5ba925b53d.wav,15
f874dbbf-a5b2-4188-8a8e-6ce1849ff633.wav,39
f8c56022-7064-43b3-bad3-42f509c7fd2d.wav,5
f8e61011-2f66-4be4-8f8d-ce0b2f1f8258.wav,12
f8f1f023-5c88-41b3-9b70-e12be8639e6c.wav,1
f900d7b6-8818-4200-b089-2d44ba2a3b9e.wav,27
f94898ab-dc4a-4234-a91e-0510a07b9b50.wav,29
f9615afc-f930-45fd-b326-8d94308a9b42.wav,24
f9712de4-c1aa-4008-a4d6-13c18547d4d3.wav,7
f974f51b-e94e-4a96-ad5e-f4c42bf57d5a.wav,10
f9a26ff4-40cb-44ed-95d2-c25b3d1e7990.wav,39
f9bba9a5-27b2-46c0-af5e-9fbd186c38a1.wav,24
f9dd0af4-2a8d-48f3-b0c4-9d1c2b3ba4c6.wav,4
fa1f254f-0528-4607-91e7-09b4b930252c.wav,5
fa562950-b2d7-4f9b-9f2f-41b0e4576780.wav,36
fa8f4e91-ee78-4d91-ac5a-7f9fd2b8e472.wav,32
fabc6b1f-2f46-477e-953c-5591d7e44954.wav,41
faf1f490-ea6b-448e-8e2e-7417bd438cb6.wav,27
fafe8cb2-691b-4077-903b-00ed56939107.wav,1
fb134367-536a-4ef8-a5c4-a0920512b55e.wav,31
fbd8c45c-13ad-4b87-99a5-2987f36a4e17.wav,30
fbffa8a9-573b-4ae8-afa2-59c61f127144.wav,30
fc1055fa-a203-43a3-9361-c306e5d53628.wav,41
fc2da140-f69a-4b1f-ab79-95c5706d840d.wav,45
fc32152b-7deb-46c3-a4a5-18010f069d3f.wav,19
fc34ce20-da26-43d7-8859-5c8871137cdb.wav,26
fc44a87b-c14b-434a-bceb-508fad6cad05.wav,6
fc477a7b-f487-4fab-a3c7-d0f754186edf.wav,13
fc4cceed-eb19-4c84-8542-8840d277ba97.wav,15
fc54877f-70b8-46ee-941c-6c7bbf09b2d7.wav,23
fcbf5d64-d88b-4f9d-b2dd-97d73dfa5b8d.wav,38
fce71da4-dc38-4e59-937d-815b3bd8c57f.wav,26
fd006ec5-4709-4630-9bf0-4c839b200f3b.wav,3
fd034dc7-c3d7-46a5-8719-a418b3e31887.wav,1
fd209c6a-c3cd-4eb5-9387-f83c32fa4b9e.wav,27
fd2aa374-7dcb-4d2f-90c3-7da93089aed9.wav,10
fd5bc537-44cf-462b-86bb-c3ecfc5a9692.wav,5
fd88b174-7a6c-4b74-87e4-ed3de7a8bba8.wav,28
fdde6498-ae2d-4f69-8257-23722357f090.wav,16
fdfd0c50-9d29-4f4e-817e-e3d3407f9adf.wav,37
fe047a40-9239-4618-a560-d0c1ade1e02d.wav,21
fe149661-32ff-400a-b046-2f6eb1eeeafe.wav,35
fe1d0571-fe3b-4fce-a51b-319efa0c8089.wav,13
fe219ff0-c816-454c-8777-0a6871cc3557.wav,13
fe3a97f0-c6c3-4861-8397-c3e2f6dbe41e.wav,23
fe7336da-c7aa-4e60-a633-e37a3a677c2e.wav,32
fe8f7336-4cb0-47f7-bc55-a62cb8f7638d.wav,7
febd0874-c5cc-446a-8365-2577a3cf7cc0.wav,6
feced3bb-02cb-459a-9426-0055e65e5464.wav,30
fed841e5-ea03-44d4-aefe-8193cc95d92d.wav,17
feedcc71-863e-4df7-a1a8-c79a3661d7dc.wav,31
fef4b88f-c434-4816-bc63-b8f3c4265285.wav,24
ff3097ca-2340-4871-ad15-ee01a8b5aed1.wav,34
ff3b3090-fa3e-4cf8-8090-e1d2f66734ae.wav,46
ff3f8534-7e70-451a-af2a-8f8b3096b7f7.wav,35
ff85ac3a-81a8-4aff-b539-3fa1e920b843.wav,1
ff9b5cde-95c8-4a4f-a53c-1a38392eaec1.wav,30
fff2814b-e641-413d-9115-225b7a2a2061.wav,5
